# This file uses centimeters as units for non-parametric coordinates.

mtllib statue_pirate_gold_2x2.mtl
g default
v -0.390000 0.125000 0.390000
v 0.390000 0.125000 0.390000
v -0.390000 0.250000 0.390000
v -0.260000 0.250000 0.390000
v 0.260000 0.250000 0.390000
v 0.390000 0.250000 0.390000
v -0.390000 0.750000 0.390000
v -0.260000 0.750000 0.390000
v 0.260000 0.750000 0.390000
v 0.390000 0.750000 0.390000
v -0.390000 0.875000 0.390000
v 0.390000 0.875000 0.390000
v -0.390000 1.000000 0.390000
v 0.390000 1.000000 0.390000
v -0.390000 1.000000 -0.390000
v 0.390000 1.000000 -0.390000
v -0.390000 0.875000 -0.390000
v 0.390000 0.875000 -0.390000
v -0.390000 0.750000 -0.390000
v -0.260000 0.750000 -0.390000
v 0.260000 0.750000 -0.390000
v 0.390000 0.750000 -0.390000
v -0.390000 0.250000 -0.390000
v -0.260000 0.250000 -0.390000
v 0.260000 0.250000 -0.390000
v 0.390000 0.250000 -0.390000
v -0.390000 0.125000 -0.390000
v 0.390000 0.125000 -0.390000
v 0.390000 0.250000 -0.260000
v 0.390000 0.250000 0.260000
v 0.390000 0.750000 -0.260000
v 0.390000 0.750000 0.260000
v -0.390000 0.250000 -0.260000
v -0.390000 0.250000 0.260000
v -0.390000 0.750000 -0.260000
v -0.390000 0.750000 0.260000
v -0.390000 0.875000 0.515000
v -0.390000 1.000000 0.515000
v 0.390000 0.875000 0.515000
v 0.390000 1.000000 0.515000
v -0.390000 1.000000 -0.515000
v -0.390000 0.875000 -0.515000
v 0.390000 1.000000 -0.515000
v 0.390000 0.875000 -0.515000
v 0.515000 0.125000 0.515000
v 0.515000 0.000000 0.515000
v 0.515000 0.000000 -0.515000
v 0.515000 0.125000 -0.515000
v 0.515000 0.875000 -0.390000
v 0.515000 1.000000 -0.390000
v 0.515000 0.875000 0.390000
v 0.515000 1.000000 0.390000
v 0.515000 1.000000 0.515000
v 0.515000 0.875000 0.515000
v 0.515000 0.875000 -0.515000
v 0.515000 1.000000 -0.515000
v -0.515000 0.000000 0.515000
v -0.515000 0.125000 0.515000
v -0.515000 0.125000 -0.515000
v -0.515000 0.000000 -0.515000
v -0.515000 0.875000 -0.390000
v -0.515000 1.000000 -0.390000
v -0.515000 0.875000 0.390000
v -0.515000 1.000000 0.390000
v -0.515000 0.875000 0.515000
v -0.515000 1.000000 0.515000
v -0.515000 1.000000 -0.515000
v -0.515000 0.875000 -0.515000
v -0.260000 0.750000 0.265000
v -0.260000 0.250000 0.265000
v 0.260000 0.250000 0.265000
v 0.260000 0.750000 0.265000
v -0.260000 0.250000 -0.265000
v -0.260000 0.750000 -0.265000
v 0.260000 0.750000 -0.265000
v 0.260000 0.250000 -0.265000
v 0.265000 0.750000 0.260000
v 0.265000 0.250000 0.260000
v 0.265000 0.250000 -0.260000
v 0.265000 0.750000 -0.260000
v -0.265000 0.750000 -0.260000
v -0.265000 0.250000 -0.260000
v -0.265000 0.250000 0.260000
v -0.265000 0.750000 0.260000
v -0.352043 2.377031 0.147977
v -0.315198 2.371690 0.149025
v -0.345479 2.421606 0.144394
v -0.308634 2.416265 0.145442
v -0.344802 2.418200 0.103259
v -0.307957 2.412859 0.104308
v -0.351366 2.373625 0.106842
v -0.314521 2.368284 0.107891
v -0.082043 1.524401 0.004541
v -0.045198 1.519060 0.005589
v -0.075479 1.568976 0.000958
v -0.038634 1.563635 0.002006
v -0.074802 1.565570 -0.040177
v -0.037957 1.560229 -0.039128
v -0.081366 1.520995 -0.036594
v -0.044521 1.515654 -0.035545
v 0.338317 2.087963 -0.141436
v 0.375162 2.082622 -0.140388
v 0.344881 2.132538 -0.145019
v 0.381726 2.127197 -0.143971
v 0.345558 2.129132 -0.186154
v 0.382403 2.123791 -0.185105
v 0.338994 2.084557 -0.182571
v 0.375839 2.079216 -0.181522
v 0.007957 1.233686 0.525785
v 0.044802 1.228345 0.526833
v 0.014521 1.278261 0.522202
v 0.051366 1.272920 0.523250
v 0.015198 1.274855 0.481067
v 0.052043 1.269514 0.482116
v 0.008634 1.230280 0.484650
v 0.045479 1.224939 0.485699
v 0.536899 1.800524 -0.220439
v 0.573744 1.795183 -0.219390
v 0.543463 1.845100 -0.224022
v 0.580308 1.839758 -0.222973
v 0.544140 1.841694 -0.265156
v 0.580985 1.836352 -0.264108
v 0.537576 1.797118 -0.261573
v 0.574421 1.791777 -0.260525
v 0.544873 2.980844 -0.421675
v 0.581718 2.975503 -0.420627
v 0.551437 3.025419 -0.425258
v 0.588282 3.020078 -0.424210
v 0.552114 3.022013 -0.466393
v 0.588959 3.016672 -0.465344
v 0.545550 2.977438 -0.462810
v 0.582395 2.972097 -0.461761
v -0.292043 1.864046 0.656750
v -0.255198 1.858705 0.657798
v -0.285479 1.908621 0.653167
v -0.248634 1.903280 0.654215
v -0.284802 1.905215 0.612032
v -0.247957 1.899874 0.613081
v -0.291366 1.860640 0.615615
v -0.254521 1.855299 0.616664
v 0.059895 1.011516 -0.065885
v 0.059895 1.131636 -0.065885
v 0.059895 1.191699 -0.426245
v 0.270105 1.041546 -0.065885
v 0.270105 1.131636 -0.065885
v 0.270105 1.131639 -0.186005
v 0.270105 1.191699 -0.426245
v 0.059895 1.041546 -0.065885
v 0.059895 1.191699 -0.186005
v 0.059895 1.131639 -0.186005
v 0.270105 1.191699 -0.186005
v 0.059895 1.041549 -0.426245
v 0.270105 1.041549 -0.426245
v 0.059895 1.011519 -0.426245
v 0.270105 1.011516 -0.065885
v 0.270105 1.011519 -0.426245
v 0.030000 1.221600 -0.456050
v 0.060000 1.221600 -0.426050
v 0.270000 1.221600 -0.186050
v 0.270000 1.311600 -0.426050
v 0.300000 1.221600 -0.456050
v 0.030000 1.221600 -0.156050
v 0.030000 1.161600 -0.156050
v 0.060000 1.221600 -0.186050
v 0.270000 1.311600 -0.186050
v 0.030000 1.161600 -0.456050
v 0.300000 1.161600 -0.156050
v 0.300000 1.161600 -0.456050
v 0.300000 1.221600 -0.156050
v 0.270000 1.221600 -0.426050
v 0.060000 1.311600 -0.186050
v 0.060000 1.311600 -0.426050
v 0.059895 1.491705 -0.426170
v 0.270105 1.491705 -0.426170
v 0.270105 1.281495 -0.185930
v 0.059895 1.281495 -0.185930
v 0.059895 1.281495 -0.426170
v 0.270105 1.281495 -0.426170
v 0.059895 1.491705 -0.185930
v 0.270105 1.491705 -0.185930
v -0.270105 1.321131 0.218434
v -0.270105 1.429998 0.167668
v -0.270105 1.332135 -0.184310
v -0.059895 1.348347 0.205744
v -0.059895 1.429998 0.167668
v -0.059895 1.379232 0.058804
v -0.059895 1.332135 -0.184310
v -0.270105 1.348347 0.205744
v -0.270105 1.433664 0.033421
v -0.270105 1.379232 0.058804
v -0.059895 1.433664 0.033421
v -0.270105 1.196052 -0.120854
v -0.059895 1.196052 -0.120854
v -0.270105 1.168836 -0.108164
v -0.059895 1.321131 0.218434
v -0.059895 1.168836 -0.108164
v -0.300000 1.346640 -0.223961
v -0.270000 1.359318 -0.196772
v -0.060000 1.460748 0.020743
v -0.060000 1.440885 -0.234806
v -0.030000 1.346640 -0.223961
v -0.300000 1.473426 0.047932
v -0.300000 1.419048 0.073288
v -0.270000 1.460748 0.020743
v -0.060000 1.542315 -0.017294
v -0.300000 1.292262 -0.198602
v -0.030000 1.419048 0.073288
v -0.030000 1.292262 -0.198602
v -0.030000 1.473426 0.047932
v -0.060000 1.359318 -0.196772
v -0.270000 1.542315 -0.017294
v -0.270000 1.440885 -0.234806
v -0.450000 2.264454 0.157315
v -0.450000 2.168034 0.042409
v -0.270000 2.030148 0.158110
v -0.270000 2.126565 0.273016
v -0.450000 2.126565 0.273016
v -0.450000 2.030148 0.158110
v -0.270000 2.264454 0.157315
v -0.270000 2.168034 0.042409
v 0.517152 1.580766 -0.388448
v 0.491106 1.433607 -0.375572
v 0.313839 1.480431 -0.198980
v 0.339888 1.627590 -0.211856
v 0.339888 1.611903 -0.391172
v 0.313839 1.464744 -0.378296
v 0.517152 1.596453 -0.209132
v 0.491106 1.449294 -0.196256
v -0.300000 1.461600 -0.156050
v -0.300000 1.671600 -0.156050
v -0.300000 1.671600 -0.456050
v -0.270000 1.461600 -0.186050
v -0.270000 1.401600 -0.186050
v -0.270000 1.461600 -0.426050
v -0.060000 1.491600 -0.186050
v -0.060000 1.551600 -0.186050
v 0.030000 1.491600 -0.156050
v 0.030000 1.551600 -0.186050
v 0.090000 1.521600 -0.156050
v 0.090000 1.671600 -0.156050
v 0.090000 1.671600 -0.186050
v 0.150000 1.461600 -0.186050
v 0.150000 1.521600 -0.186050
v -0.150000 1.491600 -0.186050
v -0.090000 1.671600 -0.156050
v -0.030000 1.491600 -0.156050
v -0.030000 1.551600 -0.186050
v 0.060000 1.521600 -0.156050
v 0.060000 1.551600 -0.186050
v 0.060000 1.581600 -0.156050
v 0.060000 1.581600 -0.186050
v 0.300000 1.671600 -0.456050
v -0.180000 1.491600 -0.156050
v -0.300000 1.491600 -0.156050
v -0.180000 1.551600 -0.156050
v -0.180000 1.611600 -0.156050
v -0.180000 1.641600 -0.156050
v -0.150000 1.461600 -0.156050
v -0.150000 1.521600 -0.156050
v -0.150000 1.611600 -0.156050
v -0.150000 1.641600 -0.156050
v -0.120000 1.551600 -0.156050
v -0.120000 1.671600 -0.156050
v -0.090000 1.521600 -0.156050
v -0.060000 1.491600 -0.156050
v -0.060000 1.461600 -0.156050
v -0.060000 1.581600 -0.156050
v 0.030000 1.551600 -0.156050
v 0.030000 1.521600 -0.156050
v 0.120000 1.551600 -0.156050
v 0.150000 1.521600 -0.156050
v 0.150000 1.611600 -0.156050
v 0.150000 1.641600 -0.156050
v 0.180000 1.491600 -0.156050
v 0.150000 1.461600 -0.156050
v 0.180000 1.551600 -0.156050
v 0.180000 1.611600 -0.156050
v 0.180000 1.641600 -0.156050
v 0.300000 1.491600 -0.156050
v 0.300000 1.671600 -0.156050
v -0.150000 1.461600 -0.186050
v -0.090000 1.551600 -0.186050
v -0.090000 1.671600 -0.186050
v -0.030000 1.491600 -0.186050
v 0.000000 1.551600 -0.186050
v 0.000000 1.581600 -0.186050
v 0.030000 1.491600 -0.186050
v 0.030000 1.521600 -0.186050
v 0.060000 1.461600 -0.186050
v 0.060000 1.521600 -0.186050
v 0.060000 1.491600 -0.186050
v 0.090000 1.551600 -0.186050
v 0.150000 1.491600 -0.186050
v 0.270000 1.401600 -0.186050
v 0.270000 1.461600 -0.426050
v -0.300000 1.461600 -0.456050
v -0.300000 1.491600 -0.456050
v 0.300000 1.461600 -0.456050
v 0.300000 1.491600 -0.456050
v -0.270000 1.401600 -0.426050
v 0.270000 1.401600 -0.426050
v -0.060000 1.461600 -0.186050
v 0.000000 1.461600 -0.156050
v 0.000000 1.461600 -0.186050
v 0.060000 1.461600 -0.156050
v 0.300000 1.461600 -0.156050
v 0.270000 1.461600 -0.186050
v -0.150000 1.521600 -0.186050
v -0.090000 1.521600 -0.186050
v 0.090000 1.521600 -0.186050
v 0.000000 1.551600 -0.156050
v -0.030000 1.551600 -0.156050
v 0.000000 1.491600 -0.156050
v 0.000000 1.491600 -0.186050
v 0.000000 1.581600 -0.156050
v -0.060000 1.581600 -0.186050
v -0.120000 1.671600 -0.186050
v 0.120000 1.671600 -0.156050
v 0.120000 1.671600 -0.186050
v -0.090000 1.671600 -0.216050
v 0.090000 1.671600 -0.216050
v -0.269910 2.168160 0.042421
v -0.450090 2.030136 0.158239
v -0.450090 2.168160 0.042421
v -0.269910 1.875711 -0.025796
v -0.450090 1.875711 -0.025796
v -0.269910 2.013738 -0.141614
v -0.450090 2.148858 0.019417
v -0.269910 2.010831 0.135232
v -0.269910 2.030136 0.158239
v -0.450090 2.010831 0.135232
v -0.269910 2.148858 0.019417
v -0.450090 2.013738 -0.141614
v 0.379662 2.043138 -0.428900
v 0.533931 1.859988 -0.412874
v 0.396042 1.760415 -0.223475
v 0.241773 1.943565 -0.239501
v 0.241773 1.927878 -0.418814
v 0.396042 1.744725 -0.402791
v 0.379662 2.058828 -0.249584
v 0.533931 1.875675 -0.233561
v -0.450000 2.053764 -0.068453
v -0.450000 2.032845 -0.307541
v -0.270000 1.853529 -0.291851
v -0.270000 1.874448 -0.052766
v -0.450000 1.874448 -0.052766
v -0.450000 1.853529 -0.291851
v -0.270000 2.053764 -0.068453
v -0.270000 2.032845 -0.307541
v -0.270105 1.371480 -0.306155
v -0.059895 1.371480 -0.306155
v -0.059895 1.611720 -0.095945
v -0.270105 1.611720 -0.095945
v -0.270105 1.371480 -0.095945
v -0.059895 1.371480 -0.095945
v -0.270105 1.611720 -0.306155
v -0.059895 1.611720 -0.306155
v -0.360360 2.073342 -0.190568
v -0.360360 1.983597 -0.182717
v -0.360360 1.957422 -0.481874
v -0.360360 2.047170 -0.489725
v -0.360360 1.954806 -0.511790
v -0.360360 2.105877 -0.163271
v -0.360360 2.074470 -0.522260
v -0.240240 1.893849 -0.174866
v -0.240240 1.896465 -0.144950
v -0.120120 2.079702 -0.462428
v 0.090090 1.893849 -0.174866
v 0.090090 1.651905 -0.183842
v 0.090090 1.654524 -0.153926
v 0.090090 2.100642 -0.223103
v -0.090090 1.654524 -0.153926
v -0.090090 1.893849 -0.174866
v -0.090090 1.896465 -0.144950
v 0.120120 2.130558 -0.225719
v 0.300300 1.654524 -0.153926
v 0.360360 2.073342 -0.190568
v 0.360360 2.047170 -0.489725
v 0.360360 2.074470 -0.522260
v -0.330330 2.016129 -0.155417
v -0.360360 1.986213 -0.152801
v -0.210210 1.926381 -0.147566
v -0.210210 2.016129 -0.155417
v -0.180180 1.956297 -0.150185
v -0.180180 1.986213 -0.152801
v -0.150150 1.956297 -0.150185
v -0.150150 1.986213 -0.152801
v -0.120120 1.926381 -0.147566
v -0.120120 2.105877 -0.163271
v 0.120120 1.926381 -0.147566
v 0.120120 2.105877 -0.163271
v 0.150150 1.956297 -0.150185
v 0.150150 1.986213 -0.152801
v 0.180180 1.956297 -0.150185
v 0.180180 1.986213 -0.152801
v 0.210210 1.926381 -0.147566
v 0.210210 2.016129 -0.155417
v 0.240240 1.986213 -0.152801
v 0.330330 2.016129 -0.155417
v 0.330330 2.105877 -0.163271
v -0.300300 1.654524 -0.153926
v -0.180180 1.714353 -0.159161
v -0.180180 1.744269 -0.161780
v -0.180180 1.804101 -0.167012
v -0.180180 1.834017 -0.169631
v -0.150150 1.714353 -0.159161
v -0.150150 1.744269 -0.161780
v -0.150150 1.804101 -0.167012
v -0.150150 1.834017 -0.169631
v -0.120120 1.654524 -0.153926
v -0.120120 1.893849 -0.174866
v 0.150150 1.714353 -0.159161
v 0.150150 1.744269 -0.161780
v 0.150150 1.804101 -0.167012
v 0.150150 1.834017 -0.169631
v 0.180180 1.714353 -0.159161
v 0.180180 1.744269 -0.161780
v 0.180180 1.804101 -0.167012
v 0.180180 1.834017 -0.169631
v 0.240240 1.893849 -0.174866
v -0.090090 2.100642 -0.223103
v -0.090090 1.651905 -0.183842
v 0.120120 2.100642 -0.223103
v 0.120120 2.079702 -0.462428
v 0.300300 1.628349 -0.453083
v -0.330330 1.984722 -0.514406
v -0.330330 2.074470 -0.522260
v 0.330330 1.984722 -0.514406
v -0.120120 1.651905 -0.183842
v 0.120120 1.654524 -0.153926
v 0.120120 1.651905 -0.183842
v -0.090090 1.649289 -0.213758
v 0.090090 1.649289 -0.213758
v -0.300300 1.628349 -0.453083
v 0.240240 1.896465 -0.144950
v 0.090090 1.896465 -0.144950
v 0.120120 1.893849 -0.174866
v -0.240240 1.986213 -0.152801
v -0.300300 1.983597 -0.182717
v -0.240240 1.983597 -0.182717
v 0.240240 1.983597 -0.182717
v 0.360360 1.986213 -0.152801
v 0.300300 1.983597 -0.182717
v 0.360360 1.983597 -0.182717
v -0.300300 1.957422 -0.481874
v 0.300300 1.957422 -0.481874
v 0.360360 1.957422 -0.481874
v 0.360360 1.954806 -0.511790
v -0.330330 2.105877 -0.163271
v -0.120120 2.100642 -0.223103
v -0.090090 2.105877 -0.163271
v 0.090090 2.105877 -0.163271
v 0.360360 2.105877 -0.163271
v 0.330330 2.074470 -0.522260
v -0.120120 2.130558 -0.225719
v -0.120120 2.109618 -0.465044
v 0.120120 2.109618 -0.465044
v 0.558942 1.832046 -0.229652
v 0.381501 1.847511 -0.411875
v 0.558942 1.816344 -0.409148
v 0.339783 1.627527 -0.211760
v 0.339783 1.611822 -0.391253
v 0.517224 1.596357 -0.209033
v 0.522441 1.610115 -0.391106
v 0.344997 1.656987 -0.214337
v 0.381501 1.863216 -0.232379
v 0.344997 1.641282 -0.393833
v 0.522441 1.625817 -0.211610
v 0.517224 1.580652 -0.388526
v -0.429378 2.553711 -0.246701
v -0.416907 2.350677 -0.194540
v -0.449589 2.538495 -0.301106
v -0.373608 2.217648 -0.239582
v -0.372996 2.551923 -0.267143
v -0.501966 2.758272 -0.640889
v -0.473775 2.757378 -0.651113
v -0.317226 2.215860 -0.260024
v -0.304143 2.347098 -0.235424
v -0.222720 2.226333 -0.000296
v -0.235191 2.429370 -0.052457
v -0.285714 2.391324 -0.188471
v -0.260136 2.835441 -0.156779
v -0.354423 2.074686 -0.438311
v -0.223035 2.689521 -0.129743
v -0.226599 2.747532 -0.144647
v -0.110274 2.685945 -0.170630
v -0.169707 2.792925 -0.343901
v -0.231261 2.876181 -0.609005
v -0.120108 2.959884 -0.309773
v -0.045570 2.720769 -0.171320
v 0.014376 2.660973 -0.176861
v 0.000708 2.711373 -0.218966
v 0.114888 2.110146 -0.291713
v 0.113106 2.139153 -0.299162
v 0.102999 2.131542 -0.326366
v 0.052476 2.093496 -0.462380
v 0.161799 2.950941 -0.411989
v 0.082401 2.808333 -0.706538
v 0.347319 2.737254 -0.321875
v 0.326745 2.153394 -0.415589
v 0.385005 2.409696 -0.277331
v 0.334482 2.371650 -0.413345
v 0.334164 2.834838 -0.542792
v 0.202803 2.735916 -0.896429
v 0.201021 2.764920 -0.903881
v 0.268410 2.125914 -0.750167
v 0.359964 2.528673 -0.532904
v 0.362355 2.833944 -0.553013
v 0.428817 2.323848 -0.501185
v 0.408609 2.308629 -0.555593
v 0.396135 2.511666 -0.607754
v -0.100170 2.693553 -0.143426
v -0.212931 2.697132 -0.102539
v -0.047352 2.749776 -0.178772
v 0.010812 2.718981 -0.191765
v 0.350883 2.679246 -0.306971
v 0.125358 2.686398 -0.225200
v -0.194529 2.225439 -0.010517
v -0.168120 2.253549 -0.028190
v -0.192747 2.196435 -0.003065
v -0.175248 2.369571 -0.057998
v -0.124209 2.454798 -0.100796
v -0.134901 2.628828 -0.145505
v -0.103146 2.569923 -0.140822
v -0.104928 2.598930 -0.148274
v -0.074955 2.569029 -0.151043
v -0.076737 2.598033 -0.158495
v -0.039639 2.452113 -0.131459
v -0.050328 2.626146 -0.176168
v -0.002538 2.306193 -0.104423
v -0.004320 2.335200 -0.111875
v 0.029217 2.247291 -0.099743
v 0.027435 2.276295 -0.107192
v 0.004272 2.653362 -0.204065
v 0.141978 2.243712 -0.140627
v 0.140196 2.272719 -0.148079
v 0.115254 2.678790 -0.252401
v 0.111690 2.736801 -0.267305
v 0.166605 2.300829 -0.165752
v 0.164826 2.329833 -0.173204
v 0.185889 2.444961 -0.213233
v 0.175197 2.618991 -0.257942
v 0.206952 2.560086 -0.253259
v 0.205170 2.589093 -0.260711
v 0.235143 2.559192 -0.263483
v 0.233361 2.588196 -0.270932
v 0.270462 2.442276 -0.243896
v 0.259770 2.616309 -0.288605
v 0.339315 2.237454 -0.212180
v 0.332187 2.353473 -0.241985
v 0.371070 2.178549 -0.207497
v 0.369288 2.207553 -0.214949
v 0.340779 2.671635 -0.334175
v 0.397479 2.206659 -0.225170
v -0.148299 2.960778 -0.299552
v -0.139392 2.815752 -0.262292
v 0.160017 2.979945 -0.419441
v 0.198897 2.805021 -0.384953
v -0.342414 2.856300 -0.297476
v -0.370605 2.857194 -0.287255
v -0.310659 2.797395 -0.292793
v 0.309537 2.777721 -0.517667
v 0.329136 2.458665 -0.435701
v 0.385518 2.456877 -0.456143
v -0.054258 2.115513 -0.230381
v 0.365310 2.441658 -0.510548
v 0.308928 2.443446 -0.490106
v 0.316053 2.327424 -0.460301
v -0.324354 2.331879 -0.289832
v 0.302973 2.196186 -0.484898
v -0.116667 2.098863 -0.401051
v -0.259452 2.877075 -0.598781
v 0.050646 2.867238 -0.711218
v 0.048864 2.896242 -0.718670
v 0.078837 2.866344 -0.721442
v -0.384396 2.104584 -0.435542
v 0.207612 2.085804 -0.650195
v -0.464550 2.149164 -0.484406
v -0.475557 2.786385 -0.658562
v -0.114885 2.069856 -0.393599
v 0.054258 2.064492 -0.454928
v -0.056040 2.144517 -0.237833
v -0.263481 2.143170 -0.193487
v -0.066144 2.136909 -0.265037
v 0.300336 2.125284 -0.397916
v 0.209394 2.056800 -0.642743
v -0.293454 2.173068 -0.190715
v -0.265263 2.172174 -0.200936
v 0.298554 2.154288 -0.405368
v -0.356205 2.103690 -0.445763
v 0.235803 2.084910 -0.660416
v -0.387960 2.162595 -0.450443
v 0.232239 2.142921 -0.675320
v 0.359352 2.194398 -0.505343
v -0.437115 2.335458 -0.248945
v -0.380733 2.333670 -0.269387
v 0.295845 2.312205 -0.514706
v 0.352227 2.310417 -0.535148
v -0.367653 2.464908 -0.244790
v -0.291060 2.478339 -0.210827
v -0.347442 2.480127 -0.190382
v -0.311271 2.463120 -0.265232
v -0.108492 2.656938 -0.163178
v -0.098388 2.664549 -0.135974
v -0.393207 2.536704 -0.321548
v 0.416346 2.526885 -0.553346
v 0.339753 2.513454 -0.587309
v -0.055674 2.713161 -0.198524
v -0.216495 2.755140 -0.117443
v -0.057456 2.742165 -0.205976
v 0.121794 2.744409 -0.240101
v 0.337215 2.729646 -0.349076
v 0.360060 2.815767 -0.381653
v 0.168585 2.782191 -0.466559
v 0.230994 2.735022 -0.906650
v -0.344196 2.885304 -0.304928
v -0.175050 2.879940 -0.366257
v -0.255888 2.819064 -0.583880
v 0.163239 2.869209 -0.488915
v 0.332382 2.863842 -0.550244
v 0.189990 2.950047 -0.422210
v -0.121890 2.988888 -0.317225
v -0.233043 2.905185 -0.616454
v -0.668475 2.834541 -0.666542
v -0.670257 2.863548 -0.673994
v -0.477339 2.815389 -0.666014
v 0.195675 2.915757 -0.315476
v 0.190332 3.002772 -0.337832
v 0.530403 2.963037 -0.453038
v -0.630180 2.841255 -0.649562
v -0.631962 2.870262 -0.657014
v -0.154500 2.947884 -0.227471
v 0.381126 2.930895 -0.421682
v 0.199239 2.793927 -0.911333
v 0.581169 2.766717 -0.383897
v 0.568698 2.969751 -0.436058
v 0.346395 2.802348 -1.034519
v -0.102537 2.904198 -0.168386
v -0.446172 3.001947 -0.068081
v -0.107880 2.991213 -0.190739
v -0.447951 3.030951 -0.075533
v 0.235752 2.893467 -0.291044
v 0.200436 3.010383 -0.310628
v 0.230409 2.980482 -0.313397
v -0.219789 3.094698 -0.244286
v -0.313272 3.242409 -0.250880
v -0.221571 3.123705 -0.251738
v -0.189816 3.064800 -0.247058
v -0.191598 3.093804 -0.254507
v -0.193380 3.122811 -0.261959
v -0.195162 3.151815 -0.269411
v -0.159846 3.034899 -0.249827
v -0.161628 3.063906 -0.257279
v -0.163407 3.092910 -0.264731
v -0.165189 3.121917 -0.272183
v -0.166971 3.150921 -0.279632
v -0.168753 3.179925 -0.287084
v -0.131655 3.034005 -0.260048
v -0.133437 3.063012 -0.267500
v -0.135219 3.092016 -0.274952
v -0.136998 3.121023 -0.282404
v -0.138780 3.150027 -0.289856
v -0.140562 3.179031 -0.297305
v -0.105246 3.062118 -0.277721
v -0.107028 3.091122 -0.285173
v -0.108810 3.120126 -0.292625
v -0.110589 3.149133 -0.300077
v -0.078837 3.090228 -0.295394
v -0.080619 3.119232 -0.302846
v 0.245517 2.848350 -0.348218
v 0.363309 3.220947 -0.496199
v 0.330090 2.781846 -0.989642
v -0.628398 2.812251 -0.642110
v 0.328308 2.810850 -0.997094
v -0.428085 2.993442 -0.105506
v -0.144396 2.955495 -0.200270
v -0.139050 2.868480 -0.177914
v -0.112641 2.896590 -0.195587
v -0.429867 3.022446 -0.112958
v -0.117987 2.983605 -0.217943
v -0.086232 2.924700 -0.213260
v -0.091578 3.011715 -0.235616
v 0.225648 2.885859 -0.318245
v 0.220302 2.972874 -0.340601
v 0.255621 2.855958 -0.321017
v 0.250275 2.942976 -0.343370
v 0.532185 2.934033 -0.445586
v -0.495156 3.105441 -0.740531
v -0.656001 2.631504 -0.614381
v 0.344613 2.831352 -1.041971
v -0.433698 2.798910 -0.015920
v 0.358866 2.599311 -0.982358
v -0.149154 2.860869 -0.205118
v -0.076128 2.932311 -0.186059
v 0.205782 2.923368 -0.288275
v -0.426303 2.964438 -0.098054
v -0.295455 2.952357 -0.176363
v 0.240171 2.935365 -0.370574
v -0.081471 3.019326 -0.208412
v 0.566916 2.998758 -0.443510
v 0.528621 2.992041 -0.460490
v 0.326526 2.839857 -1.004546
v 0.181422 3.083979 -0.985850
v -0.270000 1.721091 0.769900
v -0.270000 1.767054 0.731332
v -0.270000 1.858980 0.654196
v -0.450000 1.858980 0.654196
v -0.450000 1.881960 0.634915
v -0.300000 1.885659 0.592648
v -0.420000 1.885659 0.592648
v -0.300000 1.908639 0.573364
v -0.300000 2.138454 0.380530
v -0.330000 2.326002 0.183994
v -0.390000 2.326002 0.183994
v -0.390000 2.348982 0.164710
v -0.390000 2.394945 0.126142
v -0.300000 1.624674 0.654994
v -0.420000 1.601691 0.674275
v -0.330000 2.287434 0.138031
v -0.330000 2.310414 0.118747
v -0.360000 2.310414 0.118747
v -0.360000 2.333397 0.099466
v -0.390000 2.333397 0.099466
v -0.360000 1.808523 0.500722
v -0.420000 1.808523 0.500722
v -0.360000 1.831506 0.481441
v -0.420000 1.831506 0.481441
v -0.300000 2.061318 0.288604
v -0.360000 2.061318 0.288604
v -0.420000 2.061318 0.288604
v -0.300000 2.084301 0.269320
v -0.360000 2.084301 0.269320
v -0.270000 1.605390 0.632011
v -0.360000 1.605390 0.632011
v -0.450000 1.605390 0.632011
v -0.360000 1.628370 0.612727
v -0.450000 1.628370 0.612727
v -0.270000 1.651353 0.593443
v -0.450000 1.651353 0.593443
v -0.270000 1.663242 0.700954
v -0.270000 1.698111 0.789184
v -0.270000 1.744074 0.750616
v -0.270000 1.686222 0.681673
v -0.270000 1.582407 0.651295
v -0.270000 1.628370 0.612727
v -0.270000 1.743276 0.516310
v -0.270000 1.881960 0.634915
v -0.270000 1.766259 0.497026
v -0.300000 1.847091 0.546685
v -0.300000 1.862676 0.611932
v -0.300000 1.870071 0.527401
v -0.300000 2.099886 0.334567
v -0.300000 2.161434 0.361246
v -0.300000 2.122866 0.315283
v -0.300000 2.184417 0.341962
v -0.300000 1.785543 0.520006
v -0.300000 1.808523 0.500722
v -0.300000 1.831506 0.481441
v -0.330000 2.329698 0.141730
v -0.330000 2.348982 0.164710
v -0.330000 2.371965 0.145426
v -0.330000 2.352681 0.122446
v -0.330000 2.333397 0.099466
v -0.330000 2.356377 0.080182
v -0.420000 1.701807 0.746917
v -0.420000 1.678827 0.766201
v -0.420000 1.624674 0.654994
v -0.300000 1.678827 0.766201
v -0.300000 1.601691 0.674275
v -0.390000 2.287434 0.138031
v -0.390000 2.371965 0.145426
v -0.390000 2.310414 0.118747
v -0.390000 2.356377 0.080182
v -0.420000 1.908639 0.573364
v -0.420000 2.138454 0.380530
v -0.420000 2.161434 0.361246
v -0.420000 2.084301 0.269320
v -0.450000 1.721091 0.769900
v -0.450000 1.744074 0.750616
v -0.450000 1.767054 0.731332
v -0.450000 1.743276 0.516310
v -0.450000 1.766259 0.497026
v -0.450000 1.698111 0.789184
v -0.450000 1.582407 0.651295
v -0.300000 1.701807 0.746917
v -0.420000 1.862676 0.611932
v -0.420000 1.785543 0.520006
v -0.300000 2.107281 0.250036
v -0.330000 2.165133 0.318979
v -0.330000 2.126565 0.273016
v -0.390000 2.165133 0.318979
v -0.390000 2.126565 0.273016
v -0.420000 2.184417 0.341962
v -0.420000 2.107281 0.250036
v -0.330000 2.394945 0.126142
v -0.450000 1.041600 0.473950
v -0.450000 1.011600 0.413950
v -0.450000 1.011600 0.503950
v -0.450000 1.041600 0.443950
v -0.450000 1.041600 0.083950
v -0.450000 1.011600 0.113950
v -0.450000 1.041600 0.053950
v -0.450000 1.071600 0.473950
v -0.450000 1.071600 0.443950
v -0.450000 1.071600 0.083950
v -0.450000 1.071600 0.053950
v -0.450000 1.101600 0.413950
v -0.450000 1.101600 0.113950
v -0.450000 1.161600 0.413950
v -0.450000 1.161600 0.113950
v -0.450000 1.191600 0.473950
v -0.450000 1.191600 0.443950
v -0.450000 1.191600 0.083950
v -0.450000 1.191600 0.053950
v -0.450000 1.221600 0.473950
v -0.450000 1.221600 0.443950
v -0.450000 1.221600 0.083950
v -0.450000 1.221600 0.053950
v -0.450000 1.251600 0.113950
v 0.030000 1.041600 0.473950
v 0.030000 1.041600 0.443950
v 0.030000 1.011600 0.113950
v 0.030000 1.041600 0.083950
v 0.030000 1.041600 0.053950
v 0.030000 1.071600 0.473950
v 0.030000 1.071600 0.443950
v 0.030000 1.071600 0.083950
v 0.030000 1.071600 0.053950
v 0.030000 1.101600 0.413950
v 0.030000 1.101600 0.113950
v 0.030000 1.161600 0.413950
v 0.030000 1.161600 0.113950
v 0.030000 1.191600 0.473950
v 0.030000 1.191600 0.443950
v 0.030000 1.191600 0.083950
v 0.030000 1.191600 0.053950
v 0.030000 1.221600 0.473950
v 0.030000 1.221600 0.443950
v 0.030000 1.221600 0.083950
v 0.030000 1.221600 0.053950
v 0.030000 1.251600 0.503950
v -0.420000 1.041600 0.503950
v -0.420000 1.071600 0.503950
v -0.420000 1.191600 0.503950
v -0.420000 1.221600 0.503950
v -0.390000 1.041600 0.503950
v -0.390000 1.071600 0.503950
v -0.390000 1.191600 0.503950
v -0.390000 1.221600 0.503950
v -0.360000 1.011600 0.503950
v -0.360000 1.101600 0.503950
v -0.360000 1.161600 0.503950
v -0.060000 1.101600 0.503950
v -0.060000 1.161600 0.503950
v -0.030000 1.041600 0.503950
v -0.030000 1.071600 0.503950
v -0.030000 1.191600 0.503950
v -0.030000 1.221600 0.503950
v 0.000000 1.041600 0.503950
v 0.000000 1.071600 0.503950
v 0.000000 1.191600 0.503950
v 0.000000 1.221600 0.503950
v 0.030000 1.011600 0.503950
v -0.450000 1.251600 0.023950
v -0.420000 1.041600 0.023950
v -0.420000 1.071600 0.023950
v -0.420000 1.191600 0.023950
v -0.420000 1.221600 0.023950
v -0.390000 1.041600 0.023950
v -0.390000 1.071600 0.023950
v -0.390000 1.191600 0.023950
v -0.390000 1.221600 0.023950
v -0.360000 1.101600 0.023950
v -0.360000 1.161600 0.023950
v -0.060000 1.011600 0.023950
v -0.060000 1.101600 0.023950
v -0.060000 1.161600 0.023950
v -0.030000 1.041600 0.023950
v -0.030000 1.071600 0.023950
v -0.030000 1.191600 0.023950
v -0.030000 1.221600 0.023950
v 0.000000 1.041600 0.023950
v 0.000000 1.071600 0.023950
v 0.000000 1.191600 0.023950
v 0.000000 1.221600 0.023950
v 0.030000 1.011600 0.023950
v 0.030000 1.251600 0.023950
v -0.060000 1.011600 0.503950
v 0.030000 1.011600 0.413950
v -0.450000 1.011600 0.023950
v -0.360000 1.011600 0.023950
v -0.450000 1.251600 0.503950
v -0.360000 1.251600 0.503950
v -0.420000 1.251600 0.473950
v -0.390000 1.251600 0.473950
v -0.060000 1.251600 0.503950
v -0.030000 1.251600 0.473950
v 0.000000 1.251600 0.473950
v -0.420000 1.251600 0.443950
v -0.390000 1.251600 0.443950
v -0.030000 1.251600 0.443950
v 0.000000 1.251600 0.443950
v -0.450000 1.251600 0.413950
v -0.360000 1.251600 0.413950
v -0.300000 1.251600 0.413950
v -0.240000 1.251600 0.413950
v -0.180000 1.251600 0.413950
v -0.120000 1.251600 0.413950
v -0.060000 1.251600 0.413950
v 0.030000 1.251600 0.413950
v -0.360000 1.251600 0.113950
v -0.300000 1.251600 0.113950
v -0.240000 1.251600 0.113950
v -0.180000 1.251600 0.113950
v -0.120000 1.251600 0.113950
v -0.060000 1.251600 0.113950
v 0.030000 1.251600 0.113950
v -0.420000 1.251600 0.083950
v -0.390000 1.251600 0.083950
v -0.030000 1.251600 0.083950
v 0.000000 1.251600 0.083950
v -0.420000 1.251600 0.053950
v -0.390000 1.251600 0.053950
v -0.030000 1.251600 0.053950
v 0.000000 1.251600 0.053950
v -0.360000 1.251600 0.023950
v -0.060000 1.251600 0.023950
v 0.352084 2.020086 -0.426882
v 0.506353 1.836935 -0.410857
v 0.266588 1.898417 -0.416236
v 0.376899 1.990626 -0.424305
v 0.404477 2.013678 -0.426322
v 0.404477 2.029367 -0.247006
v 0.266588 1.914105 -0.236923
v 0.342555 2.027810 -0.246870
v 0.367370 1.998349 -0.244293
v 0.496824 1.844658 -0.230846
v 0.500535 1.847759 -0.231118
v 0.505190 1.839100 -0.374909
v 0.533931 1.863125 -0.377011
v 0.404477 2.016816 -0.390459
v 0.379662 2.046276 -0.393036
v 0.350178 2.021631 -0.390880
v -0.331460 3.228712 -0.299845
v 0.277462 3.209396 -0.520632
v 0.113764 3.086125 -0.961318
v 0.184219 3.038440 -0.974150
v 0.366106 3.175408 -0.484499
v -0.310477 3.196914 -0.239192
v -0.492257 3.058244 -0.728405
v 0.120896 3.040294 -0.951147
v -0.328655 3.183047 -0.288113
v 0.353604 2.434563 -0.264197
v 0.386482 2.432377 -0.280884
v 0.345617 2.672766 -0.325808
v 0.376190 2.670580 -0.342496
v 0.356525 2.659457 -0.377066
v 0.376167 2.421255 -0.315454
vt 0.077230 0.551345
vt 0.077230 0.551345
vt 0.077230 0.551345
vt 0.077230 0.551345
vt 0.077230 0.551345
vt 0.077230 0.551345
vt 0.077230 0.551345
vt 0.077230 0.551345
vt 0.077230 0.551345
vt 0.077230 0.551345
vt 0.077230 0.551345
vt 0.077230 0.551345
vt 0.072491 0.550268
vt 0.072491 0.550268
vt 0.072491 0.550268
vt 0.072491 0.550268
vt 0.079914 0.559691
vt 0.079914 0.559691
vt 0.079914 0.559691
vt 0.079914 0.559691
vt 0.079914 0.559691
vt 0.079914 0.559691
vt 0.079914 0.559691
vt 0.079914 0.559691
vt 0.080082 0.555964
vt 0.080082 0.555964
vt 0.080082 0.555964
vt 0.080082 0.555964
vt 0.077230 0.551345
vt 0.077230 0.551345
vt 0.077230 0.551345
vt 0.077230 0.551345
vt 0.077230 0.551345
vt 0.077230 0.551345
vt 0.077230 0.551345
vt 0.077230 0.551345
vt 0.077230 0.551345
vt 0.077230 0.551345
vt 0.077230 0.551345
vt 0.077230 0.551345
vt 0.072491 0.550268
vt 0.072491 0.550268
vt 0.072491 0.550268
vt 0.072491 0.550268
vt 0.079914 0.559691
vt 0.079914 0.559691
vt 0.079914 0.559691
vt 0.079914 0.559691
vt 0.079914 0.559691
vt 0.079914 0.559691
vt 0.079914 0.559691
vt 0.079914 0.559691
vt 0.080082 0.555964
vt 0.080082 0.555964
vt 0.080082 0.555964
vt 0.080082 0.555964
vt 0.077230 0.551345
vt 0.077230 0.551345
vt 0.077230 0.551345
vt 0.077230 0.551345
vt 0.077230 0.551345
vt 0.077230 0.551345
vt 0.077230 0.551345
vt 0.072491 0.550268
vt 0.077230 0.551345
vt 0.077230 0.551345
vt 0.077230 0.551345
vt 0.077230 0.551345
vt 0.077230 0.551345
vt 0.077230 0.551345
vt 0.077230 0.551345
vt 0.077230 0.551345
vt 0.080520 0.551783
vt 0.080520 0.551783
vt 0.080520 0.551783
vt 0.080520 0.551783
vt 0.080520 0.551783
vt 0.080520 0.551783
vt 0.080520 0.551783
vt 0.080520 0.551783
vt 0.080520 0.551783
vt 0.080520 0.551783
vt 0.080520 0.551783
vt 0.080520 0.551783
vt 0.080520 0.551783
vt 0.080520 0.551783
vt 0.080520 0.551783
vt 0.080520 0.551783
vt 0.080520 0.551783
vt 0.080520 0.551783
vt 0.080520 0.551783
vt 0.080520 0.551783
vt 0.080520 0.551783
vt 0.080520 0.551783
vt 0.080520 0.551783
vt 0.080520 0.551783
vt 0.080520 0.551783
vt 0.080520 0.551783
vt 0.080520 0.551783
vt 0.080520 0.551783
vt 0.080520 0.551783
vt 0.080520 0.551783
vt 0.080520 0.551783
vt 0.080520 0.551783
vt 0.079994 0.553896
vt 0.079994 0.553896
vt 0.079994 0.553896
vt 0.079994 0.553896
vt 0.079994 0.553896
vt 0.079994 0.553896
vt 0.079994 0.553896
vt 0.079994 0.553896
vt 0.077230 0.551345
vt 0.077230 0.551345
vt 0.077230 0.551345
vt 0.077230 0.551345
vt 0.077230 0.551345
vt 0.077230 0.551345
vt 0.077230 0.551345
vt 0.077230 0.551345
vt 0.079914 0.559691
vt 0.079914 0.559691
vt 0.079914 0.559691
vt 0.079914 0.559691
vt 0.079914 0.559691
vt 0.079914 0.559691
vt 0.079914 0.559691
vt 0.079914 0.559691
vt 0.079914 0.559691
vt 0.079914 0.559691
vt 0.077230 0.551345
vt 0.077230 0.551345
vt 0.077230 0.551345
vt 0.077230 0.551345
vt 0.072491 0.550268
vt 0.072491 0.550268
vt 0.072491 0.550268
vt 0.072491 0.550268
vt 0.080082 0.555964
vt 0.080082 0.555964
vt 0.072029 0.560588
vt 0.072029 0.560588
vt 0.072029 0.560588
vt 0.072029 0.560588
vt 0.072491 0.550268
vt 0.077230 0.551345
vt 0.072491 0.550268
vt 0.072491 0.550268
vt 0.810622 0.490179
vt 0.810622 0.490179
vt 0.810622 0.490179
vt 0.810622 0.490179
vt 0.810622 0.490179
vt 0.810622 0.490179
vt 0.810622 0.490179
vt 0.810622 0.490179
vt 0.810622 0.490179
vt 0.810622 0.490179
vt 0.810622 0.490179
vt 0.810622 0.490179
vt 0.810622 0.490179
vt 0.810622 0.490179
vt 0.810622 0.490179
vt 0.810622 0.490179
vt 0.810622 0.490179
vt 0.810622 0.490179
vt 0.810622 0.490179
vt 0.810622 0.490179
vt 0.810622 0.490179
vt 0.810622 0.490179
vt 0.810622 0.490179
vt 0.810622 0.490179
vt 0.810622 0.490179
vt 0.810622 0.490179
vt 0.810622 0.490179
vt 0.810622 0.490179
vt 0.810622 0.490179
vt 0.810622 0.490179
vt 0.810622 0.490179
vt 0.810622 0.490179
vt 0.810622 0.490179
vt 0.810622 0.490179
vt 0.810622 0.490179
vt 0.810622 0.490179
vt 0.810622 0.490179
vt 0.810622 0.490179
vt 0.810622 0.490179
vt 0.810622 0.490179
vt 0.810622 0.490179
vt 0.810622 0.490179
vt 0.810622 0.490179
vt 0.810622 0.490179
vt 0.810622 0.490179
vt 0.810622 0.490179
vt 0.810622 0.490179
vt 0.810622 0.490179
vt 0.810622 0.490179
vt 0.810622 0.490179
vt 0.810622 0.490179
vt 0.810622 0.490179
vt 0.810622 0.490179
vt 0.810622 0.490179
vt 0.810622 0.490179
vt 0.810622 0.490179
vt 0.810622 0.490179
vt 0.810622 0.490179
vt 0.810622 0.490179
vt 0.810622 0.490179
vt 0.810622 0.490179
vt 0.810622 0.490179
vt 0.810622 0.490179
vt 0.810622 0.490179
vt 0.810622 0.490179
vt 0.810622 0.490179
vt 0.810622 0.490179
vt 0.810622 0.490179
vt 0.810622 0.490179
vt 0.810622 0.490179
vt 0.810622 0.490179
vt 0.810622 0.490179
vt 0.810622 0.490179
vt 0.810622 0.490179
vt 0.810622 0.490179
vt 0.810622 0.490179
vt 0.810622 0.490179
vt 0.810622 0.490179
vt 0.810622 0.490179
vt 0.810622 0.490179
vt 0.810622 0.490179
vt 0.810622 0.490179
vt 0.810622 0.490179
vt 0.810622 0.490179
vt 0.810622 0.490179
vt 0.810622 0.490179
vt 0.810622 0.490179
vt 0.810622 0.490179
vt 0.810622 0.490179
vt 0.810622 0.490179
vt 0.810622 0.490179
vt 0.810622 0.490179
vt 0.810622 0.490179
vt 0.810622 0.490179
vt 0.810622 0.490179
vt 0.810622 0.490179
vt 0.810622 0.490179
vt 0.810622 0.490179
vt 0.001953 0.500000
vt 0.001953 0.500000
vt 0.001953 0.500000
vt 0.001953 0.500000
vt 0.099609 0.500000
vt 0.099609 0.500000
vt 0.099609 0.500000
vt 0.099609 0.500000
vt 0.099609 0.500000
vt 0.099609 0.500000
vt 0.001953 0.500000
vt 0.001953 0.500000
vt 0.001953 0.500000
vt 0.001953 0.500000
vt 0.099609 0.500000
vt 0.099609 0.500000
vt 0.099609 0.500000
vt 0.099609 0.500000
vt 0.099609 0.500000
vt 0.099609 0.500000
vt 0.111328 0.500000
vt 0.111328 0.500000
vt 0.111328 0.500000
vt 0.111328 0.500000
vt 0.041941 0.500000
vt 0.041941 0.500000
vt 0.041941 0.500000
vt 0.041941 0.500000
vt 0.041941 0.500000
vt 0.041941 0.500000
vt 0.041941 0.500000
vt 0.041941 0.500000
vt 0.111328 0.500000
vt 0.111328 0.500000
vt 0.111328 0.500000
vt 0.111328 0.500000
vt 0.111328 0.500000
vt 0.111328 0.500000
vt 0.111328 0.500000
vt 0.111328 0.500000
vt 0.041941 0.500000
vt 0.041941 0.500000
vt 0.041941 0.500000
vt 0.041941 0.500000
vt 0.041941 0.500000
vt 0.041941 0.500000
vt 0.041941 0.500000
vt 0.041941 0.500000
vt 0.001953 0.500000
vt 0.001953 0.500000
vt 0.001953 0.500000
vt 0.001953 0.500000
vt 0.099609 0.500000
vt 0.099609 0.500000
vt 0.099609 0.500000
vt 0.099609 0.500000
vt 0.099609 0.500000
vt 0.099609 0.500000
vt 0.001953 0.500000
vt 0.001953 0.500000
vt 0.001953 0.500000
vt 0.001953 0.500000
vt 0.099609 0.500000
vt 0.099609 0.500000
vt 0.099609 0.500000
vt 0.099609 0.500000
vt 0.099609 0.500000
vt 0.099609 0.500000
vt 0.111328 0.500000
vt 0.111328 0.500000
vt 0.111328 0.500000
vt 0.111328 0.500000
vt 0.041941 0.500000
vt 0.041941 0.500000
vt 0.041941 0.500000
vt 0.041941 0.500000
vt 0.041941 0.500000
vt 0.041941 0.500000
vt 0.041941 0.500000
vt 0.041941 0.500000
vt 0.111328 0.500000
vt 0.111328 0.500000
vt 0.111328 0.500000
vt 0.111328 0.500000
vt 0.111328 0.500000
vt 0.111328 0.500000
vt 0.111328 0.500000
vt 0.111328 0.500000
vt 0.130859 0.500000
vt 0.130859 0.500000
vt 0.130859 0.500000
vt 0.130859 0.500000
vt 0.130859 0.500000
vt 0.130859 0.500000
vt 0.130859 0.500000
vt 0.130859 0.500000
vt 0.130859 0.500000
vt 0.130859 0.500000
vt 0.130859 0.500000
vt 0.130859 0.500000
vt 0.130859 0.500000
vt 0.130859 0.500000
vt 0.130859 0.500000
vt 0.130859 0.500000
vt 0.759766 0.500000
vt 0.759766 0.500000
vt 0.759766 0.500000
vt 0.759766 0.500000
vt 0.260006 0.500000
vt 0.260006 0.500000
vt 0.260006 0.500000
vt 0.260006 0.500000
vt 0.041920 0.500000
vt 0.041920 0.500000
vt 0.041920 0.500000
vt 0.041920 0.500000
vt 0.513672 0.500000
vt 0.513672 0.500000
vt 0.513672 0.500000
vt 0.513672 0.500000
vt 0.517578 0.500000
vt 0.517578 0.500000
vt 0.517578 0.500000
vt 0.517578 0.500000
vt 0.517578 0.500000
vt 0.517578 0.500000
vt 0.517578 0.500000
vt 0.517578 0.500000
vt 0.517578 0.500000
vt 0.521484 0.500000
vt 0.521484 0.500000
vt 0.521484 0.500000
vt 0.521484 0.500000
vt 0.759766 0.500000
vt 0.759766 0.500000
vt 0.759766 0.500000
vt 0.759766 0.500000
vt 0.759766 0.500000
vt 0.759766 0.500000
vt 0.759766 0.500000
vt 0.759766 0.500000
vt 0.759766 0.500000
vt 0.759766 0.500000
vt 0.759766 0.500000
vt 0.759766 0.500000
vt 0.759766 0.500000
vt 0.759766 0.500000
vt 0.759766 0.500000
vt 0.759766 0.500000
vt 0.759766 0.500000
vt 0.759766 0.500000
vt 0.759766 0.500000
vt 0.759766 0.500000
vt 0.517578 0.500000
vt 0.517578 0.500000
vt 0.517578 0.500000
vt 0.517578 0.500000
vt 0.517578 0.500000
vt 0.517578 0.500000
vt 0.517578 0.500000
vt 0.517578 0.500000
vt 0.517578 0.500000
vt 0.521484 0.500000
vt 0.521484 0.500000
vt 0.521484 0.500000
vt 0.521484 0.500000
vt 0.521484 0.500000
vt 0.041920 0.500000
vt 0.041920 0.500000
vt 0.041920 0.500000
vt 0.041920 0.500000
vt 0.759766 0.500000
vt 0.759766 0.500000
vt 0.759766 0.500000
vt 0.759766 0.500000
vt 0.260006 0.500000
vt 0.260006 0.500000
vt 0.260006 0.500000
vt 0.260006 0.500000
vt 0.759766 0.500000
vt 0.260006 0.500000
vt 0.260006 0.500000
vt 0.260006 0.500000
vt 0.260006 0.500000
vt 0.759766 0.500000
vt 0.759766 0.500000
vt 0.759766 0.500000
vt 0.759766 0.500000
vt 0.759766 0.500000
vt 0.260006 0.500000
vt 0.260006 0.500000
vt 0.260006 0.500000
vt 0.260006 0.500000
vt 0.759766 0.500000
vt 0.759766 0.500000
vt 0.513672 0.500000
vt 0.513672 0.500000
vt 0.513672 0.500000
vt 0.517578 0.500000
vt 0.517578 0.500000
vt 0.517578 0.500000
vt 0.517578 0.500000
vt 0.521484 0.500000
vt 0.521484 0.500000
vt 0.759766 0.500000
vt 0.759766 0.500000
vt 0.759766 0.500000
vt 0.260006 0.500000
vt 0.260006 0.500000
vt 0.260006 0.500000
vt 0.260006 0.500000
vt 0.759766 0.500000
vt 0.260006 0.500000
vt 0.260006 0.500000
vt 0.251953 0.500000
vt 0.251953 0.500000
vt 0.251953 0.500000
vt 0.251953 0.500000
vt 0.260006 0.500000
vt 0.260006 0.500000
vt 0.041920 0.500000
vt 0.099609 0.500000
vt 0.099609 0.500000
vt 0.099609 0.500000
vt 0.041920 0.500000
vt 0.041920 0.500000
vt 0.099609 0.500000
vt 0.099609 0.500000
vt 0.041920 0.500000
vt 0.021484 0.500000
vt 0.021484 0.500000
vt 0.021484 0.500000
vt 0.099609 0.500000
vt 0.021484 0.500000
vt 0.041920 0.500000
vt 0.099609 0.500000
vt 0.099609 0.500000
vt 0.099609 0.500000
vt 0.099609 0.500000
vt 0.021484 0.500000
vt 0.099609 0.500000
vt 0.099609 0.500000
vt 0.099609 0.500000
vt 0.041920 0.500000
vt 0.021484 0.500000
vt 0.099609 0.500000
vt 0.099609 0.500000
vt 0.099609 0.500000
vt 0.099609 0.500000
vt 0.099609 0.500000
vt 0.021484 0.500000
vt 0.021484 0.500000
vt 0.021484 0.500000
vt 0.041920 0.500000
vt 0.041920 0.500000
vt 0.041920 0.500000
vt 0.099609 0.500000
vt 0.099609 0.500000
vt 0.759766 0.500000
vt 0.513672 0.500000
vt 0.517578 0.500000
vt 0.759766 0.500000
vt 0.759766 0.500000
vt 0.759766 0.500000
vt 0.517578 0.500000
vt 0.521484 0.500000
vt 0.513672 0.500000
vt 0.513672 0.500000
vt 0.517578 0.500000
vt 0.517578 0.500000
vt 0.521484 0.500000
vt 0.260006 0.500000
vt 0.759766 0.500000
vt 0.260006 0.500000
vt 0.759766 0.500000
vt 0.021484 0.500000
vt 0.260006 0.500000
vt 0.260006 0.500000
vt 0.260006 0.500000
vt 0.260006 0.500000
vt 0.021484 0.500000
vt 0.759766 0.500000
vt 0.759766 0.500000
vt 0.759766 0.500000
vt 0.759766 0.500000
vt 0.260006 0.500000
vt 0.260006 0.500000
vt 0.260006 0.500000
vt 0.260006 0.500000
vt 0.759766 0.500000
vt 0.759766 0.500000
vt 0.260006 0.500000
vt 0.260006 0.500000
vt 0.759766 0.500000
vt 0.759766 0.500000
vt 0.260006 0.500000
vt 0.260006 0.500000
vt 0.260006 0.500000
vt 0.260006 0.500000
vt 0.260006 0.500000
vt 0.260006 0.500000
vt 0.260006 0.500000
vt 0.279328 0.499899
vt 0.279328 0.499899
vt 0.279328 0.499899
vt 0.279328 0.499899
vt 0.260006 0.500000
vt 0.260006 0.500000
vt 0.260006 0.500000
vt 0.260006 0.500000
vt 0.260006 0.500000
vt 0.260006 0.500000
vt 0.260006 0.500000
vt 0.260006 0.500000
vt 0.260006 0.500000
vt 0.260006 0.500000
vt 0.260006 0.500000
vt 0.260006 0.500000
vt 0.260006 0.500000
vt 0.260006 0.500000
vt 0.260006 0.500000
vt 0.260006 0.500000
vt 0.260006 0.500000
vt 0.260006 0.500000
vt 0.260006 0.500000
vt 0.260006 0.500000
vt 0.260006 0.500000
vt 0.260006 0.500000
vt 0.041941 0.500000
vt 0.041941 0.500000
vt 0.041941 0.500000
vt 0.041941 0.500000
vt 0.041941 0.500000
vt 0.041941 0.500000
vt 0.041941 0.500000
vt 0.041941 0.500000
vt 0.759766 0.500000
vt 0.759766 0.500000
vt 0.759766 0.500000
vt 0.759766 0.500000
vt 0.260006 0.500000
vt 0.260006 0.500000
vt 0.260006 0.500000
vt 0.260006 0.500000
vt 0.759766 0.500000
vt 0.759766 0.500000
vt 0.759766 0.500000
vt 0.759766 0.500000
vt 0.260006 0.500000
vt 0.260006 0.500000
vt 0.260006 0.500000
vt 0.260006 0.500000
vt 0.759766 0.500000
vt 0.759766 0.500000
vt 0.759766 0.500000
vt 0.759766 0.500000
vt 0.759766 0.500000
vt 0.759766 0.500000
vt 0.759766 0.500000
vt 0.759766 0.500000
vt 0.759766 0.500000
vt 0.759766 0.500000
vt 0.759766 0.500000
vt 0.759766 0.500000
vt 0.759766 0.500000
vt 0.759766 0.500000
vt 0.759766 0.500000
vt 0.759766 0.500000
vt 0.759766 0.500000
vt 0.759766 0.500000
vt 0.759766 0.500000
vt 0.759766 0.500000
vt 0.759766 0.500000
vt 0.759766 0.500000
vt 0.759766 0.500000
vt 0.759766 0.500000
vt 0.759766 0.500000
vt 0.759766 0.500000
vt 0.759766 0.500000
vt 0.759766 0.500000
vt 0.260006 0.500000
vt 0.260006 0.500000
vt 0.260006 0.500000
vt 0.260006 0.500000
vt 0.759766 0.500000
vt 0.759766 0.500000
vt 0.759766 0.500000
vt 0.260006 0.500000
vt 0.260006 0.500000
vt 0.260006 0.500000
vt 0.759766 0.500000
vt 0.759766 0.500000
vt 0.759766 0.500000
vt 0.260006 0.500000
vt 0.759766 0.500000
vt 0.759766 0.500000
vt 0.759766 0.500000
vt 0.759766 0.500000
vt 0.759766 0.500000
vt 0.759766 0.500000
vt 0.260006 0.500000
vt 0.260006 0.500000
vt 0.260006 0.500000
vt 0.260006 0.500000
vt 0.260006 0.500000
vt 0.260006 0.500000
vt 0.260006 0.500000
vt 0.260006 0.500000
vt 0.260006 0.500000
vt 0.759766 0.500000
vt 0.759766 0.500000
vt 0.759766 0.500000
vt 0.759766 0.500000
vt 0.260006 0.500000
vt 0.759766 0.500000
vt 0.759766 0.500000
vt 0.759766 0.500000
vt 0.759766 0.500000
vt 0.260006 0.500000
vt 0.260006 0.500000
vt 0.260006 0.500000
vt 0.260006 0.500000
vt 0.260006 0.500000
vt 0.260006 0.500000
vt 0.251953 0.500000
vt 0.251953 0.500000
vt 0.251953 0.500000
vt 0.251953 0.500000
vt 0.260006 0.500000
vt 0.260006 0.500000
vt 0.759766 0.500000
vt 0.759766 0.500000
vt 0.260006 0.500000
vt 0.260006 0.500000
vt 0.759766 0.500000
vt 0.759766 0.500000
vt 0.260006 0.500000
vt 0.260006 0.500000
vt 0.260006 0.500000
vt 0.260006 0.500000
vt 0.260006 0.500000
vt 0.260006 0.500000
vt 0.260006 0.500000
vt 0.260006 0.500000
vt 0.759766 0.500000
vt 0.759766 0.500000
vt 0.759766 0.500000
vt 0.759766 0.500000
vt 0.260006 0.500000
vt 0.260006 0.500000
vt 0.759766 0.500000
vt 0.759766 0.500000
vt 0.759766 0.500000
vt 0.759766 0.500000
vt 0.260006 0.500000
vt 0.260006 0.500000
vt 0.759766 0.500000
vt 0.759766 0.500000
vt 0.759766 0.500000
vt 0.759766 0.500000
vt 0.260006 0.500000
vt 0.260006 0.500000
vt 0.260006 0.500000
vt 0.260006 0.500000
vt 0.260006 0.500000
vt 0.260006 0.500000
vt 0.260006 0.500000
vt 0.251953 0.500000
vt 0.251953 0.500000
vt 0.251953 0.500000
vt 0.251953 0.500000
vt 0.260006 0.500000
vt 0.260006 0.500000
vt 0.251953 0.500000
vt 0.251953 0.500000
vt 0.251953 0.500000
vt 0.251953 0.500000
vt 0.260006 0.500000
vt 0.260006 0.500000
vt 0.260006 0.500000
vt 0.021484 0.500000
vt 0.021484 0.500000
vt 0.021484 0.500000
vt 0.021484 0.500000
vt 0.759766 0.500000
vt 0.759766 0.500000
vt 0.759766 0.500000
vt 0.260006 0.500000
vt 0.260006 0.500000
vt 0.260006 0.500000
vt 0.260006 0.500000
vt 0.759766 0.500000
vt 0.260006 0.500000
vt 0.759766 0.500000
vt 0.260006 0.500000
vt 0.759766 0.500000
vt 0.021484 0.500000
vt 0.260006 0.500000
vt 0.260006 0.500000
vt 0.260006 0.500000
vt 0.260006 0.500000
vt 0.021484 0.500000
vt 0.759766 0.500000
vt 0.759766 0.500000
vt 0.759766 0.500000
vt 0.759766 0.500000
vt 0.260006 0.500000
vt 0.260006 0.500000
vt 0.260006 0.500000
vt 0.260006 0.500000
vt 0.260006 0.500000
vt 0.260006 0.500000
vt 0.260006 0.500000
vt 0.260006 0.500000
vt 0.759766 0.500000
vt 0.759766 0.500000
vt 0.759766 0.500000
vt 0.759766 0.500000
vt 0.260006 0.500000
vt 0.260006 0.500000
vt 0.759766 0.500000
vt 0.759766 0.500000
vt 0.260006 0.500000
vt 0.260006 0.500000
vt 0.759766 0.500000
vt 0.759766 0.500000
vt 0.130859 0.500000
vt 0.130859 0.500000
vt 0.130859 0.500000
vt 0.130859 0.500000
vt 0.501953 0.500000
vt 0.501953 0.500000
vt 0.501953 0.500000
vt 0.501953 0.500000
vt 0.501953 0.500000
vt 0.501953 0.500000
vt 0.501953 0.500000
vt 0.501953 0.500000
vt 0.501953 0.500000
vt 0.501953 0.500000
vt 0.501953 0.500000
vt 0.501953 0.500000
vt 0.501953 0.500000
vt 0.130859 0.500000
vt 0.130859 0.500000
vt 0.130859 0.500000
vt 0.130859 0.500000
vt 0.192353 0.500000
vt 0.192353 0.500000
vt 0.192353 0.500000
vt 0.192353 0.500000
vt 0.130859 0.500000
vt 0.130859 0.500000
vt 0.192353 0.500000
vt 0.130859 0.500000
vt 0.130859 0.500000
vt 0.130859 0.500000
vt 0.130859 0.500000
vt 0.192353 0.500000
vt 0.192353 0.500000
vt 0.130859 0.500000
vt 0.192353 0.500000
vt 0.192353 0.500000
vt 0.192353 0.500000
vt 0.192353 0.500000
vt 0.130859 0.500000
vt 0.130859 0.500000
vt 0.130859 0.500000
vt 0.130859 0.500000
vt 0.501953 0.500000
vt 0.501953 0.500000
vt 0.501953 0.500000
vt 0.501953 0.500000
vt 0.501953 0.500000
vt 0.501953 0.500000
vt 0.501953 0.500000
vt 0.501953 0.500000
vt 0.501953 0.500000
vt 0.501953 0.500000
vt 0.501953 0.500000
vt 0.501953 0.500000
vt 0.501953 0.500000
vt 0.501953 0.500000
vt 0.501953 0.500000
vt 0.501953 0.500000
vt 0.501953 0.500000
vt 0.501953 0.500000
vt 0.130859 0.500000
vt 0.130859 0.500000
vt 0.130859 0.500000
vt 0.130859 0.500000
vt 0.130859 0.500000
vt 0.501953 0.500000
vt 0.501953 0.500000
vt 0.501953 0.500000
vt 0.501953 0.500000
vt 0.501953 0.500000
vt 0.501953 0.500000
vt 0.501953 0.500000
vt 0.501953 0.500000
vt 0.501953 0.500000
vt 0.501953 0.500000
vt 0.501953 0.500000
vt 0.501953 0.500000
vt 0.130859 0.500000
vt 0.130859 0.500000
vt 0.130859 0.500000
vt 0.130859 0.500000
vt 0.130859 0.500000
vt 0.501953 0.500000
vt 0.501953 0.500000
vt 0.501953 0.500000
vt 0.501953 0.500000
vt 0.501953 0.500000
vt 0.501953 0.500000
vt 0.501953 0.500000
vt 0.501953 0.500000
vt 0.501953 0.500000
vt 0.501953 0.500000
vt 0.192353 0.500000
vt 0.192353 0.500000
vt 0.192353 0.500000
vt 0.192353 0.500000
vt 0.130859 0.500000
vt 0.130859 0.500000
vt 0.130859 0.500000
vt 0.130859 0.500000
vt 0.501953 0.500000
vt 0.501953 0.500000
vt 0.501953 0.500000
vt 0.501953 0.500000
vt 0.130859 0.500000
vt 0.130859 0.500000
vt 0.130859 0.500000
vt 0.130859 0.500000
vt 0.192353 0.500000
vt 0.192353 0.500000
vt 0.192353 0.500000
vt 0.192353 0.500000
vt 0.130859 0.500000
vt 0.130859 0.500000
vt 0.192353 0.500000
vt 0.130859 0.500000
vt 0.130859 0.500000
vt 0.130859 0.500000
vt 0.192353 0.500000
vt 0.192353 0.500000
vt 0.130859 0.500000
vt 0.130859 0.500000
vt 0.501953 0.500000
vt 0.501953 0.500000
vt 0.501953 0.500000
vt 0.501953 0.500000
vt 0.501953 0.500000
vt 0.501953 0.500000
vt 0.501953 0.500000
vt 0.501953 0.500000
vt 0.501953 0.500000
vt 0.501953 0.500000
vt 0.501953 0.500000
vt 0.501953 0.500000
vt 0.501953 0.500000
vt 0.130859 0.500000
vt 0.130859 0.500000
vt 0.130859 0.500000
vt 0.130859 0.500000
vt 0.130859 0.500000
vt 0.130859 0.500000
vt 0.192353 0.500000
vt 0.192353 0.500000
vt 0.192353 0.500000
vt 0.130859 0.500000
vt 0.130859 0.500000
vt 0.001953 0.500000
vt 0.001953 0.500000
vt 0.001953 0.500000
vt 0.001953 0.500000
vt 0.130859 0.500000
vt 0.130859 0.500000
vt 0.001953 0.500000
vt 0.001953 0.500000
vt 0.029297 0.500000
vt 0.029297 0.500000
vt 0.029297 0.500000
vt 0.029297 0.500000
vt 0.001953 0.500000
vt 0.001953 0.500000
vt 0.130859 0.500000
vt 0.130859 0.500000
vt 0.130859 0.500000
vt 0.130859 0.500000
vt 0.130859 0.500000
vt 0.130859 0.500000
vt 0.130859 0.500000
vt 0.130859 0.500000
vt 0.130859 0.500000
vt 0.130859 0.500000
vt 0.130859 0.500000
vt 0.130859 0.500000
vt 0.130859 0.500000
vt 0.193694 0.500000
vt 0.192353 0.500000
vt 0.193694 0.500000
vt 0.130859 0.500000
vt 0.130859 0.500000
vt 0.130859 0.500000
vt 0.386416 0.500000
vt 0.386416 0.500000
vt 0.386416 0.500000
vt 0.386416 0.500000
vt 0.130859 0.500000
vt 0.130859 0.500000
vt 0.130859 0.500000
vt 0.130859 0.500000
vt 0.130859 0.500000
vt 0.130859 0.500000
vt 0.001953 0.500000
vt 0.001953 0.500000
vt 0.001953 0.500000
vt 0.001953 0.500000
vt 0.001953 0.500000
vt 0.001953 0.500000
vt 0.029297 0.500000
vt 0.029297 0.500000
vt 0.029297 0.500000
vt 0.029297 0.500000
vt 0.001953 0.500000
vt 0.001953 0.500000
vt 0.130859 0.500000
vt 0.130859 0.500000
vt 0.130859 0.500000
vt 0.192353 0.500000
vt 0.192353 0.500000
vt 0.130859 0.500000
vt 0.501953 0.500000
vt 0.501953 0.500000
vt 0.501953 0.500000
vt 0.501953 0.500000
vt 0.130859 0.500000
vt 0.130859 0.500000
vt 0.130859 0.500000
vt 0.130859 0.500000
vt 0.130859 0.500000
vt 0.130859 0.500000
vt 0.501953 0.500000
vt 0.501953 0.500000
vt 0.501953 0.500000
vt 0.501953 0.500000
vt 0.130859 0.500000
vt 0.130859 0.500000
vt 0.130859 0.500000
vt 0.130859 0.500000
vt 0.192353 0.500000
vt 0.192353 0.500000
vt 0.192353 0.500000
vt 0.192353 0.500000
vt 0.501953 0.500000
vt 0.501953 0.500000
vt 0.501953 0.500000
vt 0.501953 0.500000
vt 0.130859 0.500000
vt 0.130859 0.500000
vt 0.130859 0.500000
vt 0.130859 0.500000
vt 0.040521 0.499877
vt 0.040521 0.499877
vt 0.040521 0.499877
vt 0.040521 0.499877
vt 0.759766 0.500000
vt 0.759766 0.500000
vt 0.759766 0.500000
vt 0.759766 0.500000
vt 0.040521 0.499877
vt 0.040521 0.499877
vt 0.040521 0.499877
vt 0.040521 0.499877
vt 0.040521 0.499877
vt 0.759766 0.500000
vt 0.759766 0.500000
vt 0.759766 0.500000
vt 0.759766 0.500000
vt 0.040521 0.499877
vt 0.040521 0.499877
vt 0.040521 0.499877
vt 0.040521 0.499877
vt 0.040521 0.499877
vt 0.040521 0.499877
vt 0.040521 0.499877
vt 0.040521 0.499877
vt 0.759766 0.500000
vt 0.759766 0.500000
vt 0.759766 0.500000
vt 0.759766 0.500000
vt 0.040521 0.499877
vt 0.040521 0.499877
vt 0.040521 0.499877
vt 0.040521 0.499877
vt 0.759766 0.500000
vt 0.759766 0.500000
vt 0.759766 0.500000
vt 0.759766 0.500000
vt 0.040521 0.499877
vt 0.040521 0.499877
vt 0.040521 0.499877
vt 0.040521 0.499877
vt 0.759766 0.500000
vt 0.759766 0.500000
vt 0.759766 0.500000
vt 0.759766 0.500000
vt 0.040521 0.499877
vt 0.040521 0.499877
vt 0.040521 0.499877
vt 0.040521 0.499877
vt 0.040521 0.499877
vt 0.040521 0.499877
vt 0.040521 0.499877
vt 0.040521 0.499877
vt 0.759766 0.500000
vt 0.759766 0.500000
vt 0.759766 0.500000
vt 0.759766 0.500000
vt 0.040521 0.499877
vt 0.040521 0.499877
vt 0.759766 0.500000
vt 0.759766 0.500000
vt 0.759766 0.500000
vt 0.040521 0.499877
vt 0.759766 0.500000
vt 0.040521 0.499877
vt 0.040521 0.499877
vt 0.040521 0.499877
vt 0.040521 0.499877
vt 0.759766 0.500000
vt 0.759766 0.500000
vt 0.759766 0.500000
vt 0.759766 0.500000
vt 0.040521 0.499877
vt 0.040521 0.499877
vt 0.513672 0.500000
vt 0.513672 0.500000
vt 0.513672 0.500000
vt 0.513672 0.500000
vt 0.759766 0.500000
vt 0.759766 0.500000
vt 0.513672 0.500000
vt 0.513672 0.500000
vt 0.513672 0.500000
vt 0.513672 0.500000
vt 0.040521 0.499877
vt 0.759766 0.500000
vt 0.759766 0.500000
vt 0.759766 0.500000
vt 0.759766 0.500000
vt 0.759766 0.500000
vt 0.029297 0.500000
vt 0.029297 0.500000
vt 0.029297 0.500000
vt 0.029297 0.500000
vt 0.759766 0.500000
vt 0.759766 0.500000
vt 0.759766 0.500000
vt 0.759766 0.500000
vt 0.759766 0.500000
vt 0.040521 0.499877
vt 0.040521 0.499877
vt 0.513672 0.500000
vt 0.513672 0.500000
vt 0.513672 0.500000
vt 0.513672 0.500000
vt 0.759766 0.500000
vt 0.759766 0.500000
vt 0.513672 0.500000
vt 0.513672 0.500000
vt 0.513672 0.500000
vt 0.513672 0.500000
vt 0.040521 0.499877
vt 0.040521 0.499877
vt 0.759766 0.500000
vt 0.759766 0.500000
vt 0.040521 0.499877
vt 0.040521 0.499877
vt 0.040521 0.499877
vt 0.040521 0.499877
vt 0.040521 0.499877
vt 0.040521 0.499877
vt 0.040521 0.499877
vt 0.040521 0.499877
vt 0.040521 0.499877
vt 0.040521 0.499877
vt 0.040521 0.499877
vt 0.040521 0.499877
vt 0.759766 0.500000
vt 0.759766 0.500000
vt 0.040521 0.499877
vt 0.759766 0.500000
vt 0.759766 0.500000
vt 0.040521 0.499877
vt 0.040522 0.499877
vt 0.030252 0.500733
vt 0.030252 0.500733
vt 0.030252 0.500733
vt 0.030252 0.500733
vt 0.755859 0.500000
vt 0.755859 0.500000
vt 0.755859 0.500000
vt 0.755859 0.500000
vt 0.759766 0.500000
vt 0.759766 0.500000
vt 0.759766 0.500000
vt 0.759766 0.500000
vt 0.755859 0.500000
vt 0.755859 0.500000
vt 0.755859 0.500000
vt 0.755859 0.500000
vt 0.826172 0.500000
vt 0.826172 0.500000
vt 0.826172 0.500000
vt 0.826172 0.500000
vt 0.755859 0.500000
vt 0.755859 0.500000
vt 0.755859 0.500000
vt 0.755859 0.500000
vt 0.755859 0.500000
vt 0.755859 0.500000
vt 0.755859 0.500000
vt 0.755859 0.500000
vt 0.759766 0.500000
vt 0.759766 0.500000
vt 0.759766 0.500000
vt 0.759766 0.500000
vt 0.755859 0.500000
vt 0.755859 0.500000
vt 0.755859 0.500000
vt 0.755859 0.500000
vt 0.759766 0.500000
vt 0.759766 0.500000
vt 0.759766 0.500000
vt 0.759766 0.500000
vt 0.755859 0.500000
vt 0.755859 0.500000
vt 0.755859 0.500000
vt 0.755859 0.500000
vt 0.826172 0.500000
vt 0.826172 0.500000
vt 0.826172 0.500000
vt 0.826172 0.500000
vt 0.755859 0.500000
vt 0.755859 0.500000
vt 0.755859 0.500000
vt 0.755859 0.500000
vt 0.759766 0.500000
vt 0.759766 0.500000
vt 0.759766 0.500000
vt 0.759766 0.500000
vt 0.755859 0.500000
vt 0.755859 0.500000
vt 0.755859 0.500000
vt 0.755859 0.500000
vt 0.755859 0.500000
vt 0.755859 0.500000
vt 0.755859 0.500000
vt 0.755859 0.500000
vt 0.755859 0.500000
vt 0.755859 0.500000
vt 0.755859 0.500000
vt 0.755859 0.500000
vt 0.826172 0.500000
vt 0.826172 0.500000
vt 0.826172 0.500000
vt 0.826172 0.500000
vt 0.755859 0.500000
vt 0.755859 0.500000
vt 0.755859 0.500000
vt 0.755859 0.500000
vt 0.755859 0.500000
vt 0.763672 0.500000
vt 0.763672 0.500000
vt 0.763672 0.500000
vt 0.759766 0.500000
vt 0.759766 0.500000
vt 0.759766 0.500000
vt 0.763672 0.500000
vt 0.759766 0.500000
vt 0.755859 0.500000
vt 0.755859 0.500000
vt 0.755859 0.500000
vt 0.755859 0.500000
vt 0.755859 0.500000
vt 0.755859 0.500000
vt 0.755859 0.500000
vt 0.755859 0.500000
vt 0.755859 0.500000
vt 0.755859 0.500000
vt 0.763672 0.500000
vt 0.763672 0.500000
vt 0.763672 0.500000
vt 0.763672 0.500000
vt 0.759766 0.500000
vt 0.759766 0.500000
vt 0.759766 0.500000
vt 0.759766 0.500000
vt 0.755859 0.500000
vt 0.755859 0.500000
vt 0.755859 0.500000
vt 0.755859 0.500000
vt 0.755859 0.500000
vt 0.755859 0.500000
vt 0.763672 0.500000
vt 0.763672 0.500000
vt 0.763672 0.500000
vt 0.763672 0.500000
vt 0.759766 0.500000
vt 0.759766 0.500000
vt 0.759766 0.500000
vt 0.759766 0.500000
vt 0.755859 0.500000
vt 0.755859 0.500000
vt 0.755859 0.500000
vt 0.755859 0.500000
vt 0.755859 0.500000
vt 0.755859 0.500000
vt 0.755859 0.500000
vt 0.755859 0.500000
vt 0.755859 0.500000
vt 0.755859 0.500000
vt 0.763672 0.500000
vt 0.763672 0.500000
vt 0.763672 0.500000
vt 0.763672 0.500000
vt 0.759766 0.500000
vt 0.759766 0.500000
vt 0.759766 0.500000
vt 0.759766 0.500000
vt 0.755859 0.500000
vt 0.755859 0.500000
vt 0.755859 0.500000
vt 0.755859 0.500000
vt 0.755859 0.500000
vt 0.826172 0.500000
vt 0.826172 0.500000
vt 0.826172 0.500000
vt 0.826172 0.500000
vt 0.755859 0.500000
vt 0.755859 0.500000
vt 0.755859 0.500000
vt 0.755859 0.500000
vt 0.755859 0.500000
vt 0.759766 0.500000
vt 0.759766 0.500000
vt 0.755859 0.500000
vt 0.763672 0.500000
vt 0.763672 0.500000
vt 0.755859 0.500000
vt 0.759766 0.500000
vt 0.759766 0.500000
vt 0.755859 0.500000
vt 0.755859 0.500000
vt 0.759766 0.500000
vt 0.759766 0.500000
vt 0.755859 0.500000
vt 0.763672 0.500000
vt 0.763672 0.500000
vt 0.763672 0.500000
vt 0.763672 0.500000
vt 0.755859 0.500000
vt 0.759766 0.500000
vt 0.759766 0.500000
vt 0.755859 0.500000
vt 0.763672 0.500000
vt 0.763672 0.500000
vt 0.802734 0.500000
vt 0.802734 0.500000
vt 0.802734 0.500000
vt 0.802734 0.500000
vt 0.755859 0.500000
vt 0.755859 0.500000
vt 0.755859 0.500000
vt 0.755859 0.500000
vt 0.830078 0.500000
vt 0.830078 0.500000
vt 0.830078 0.500000
vt 0.830078 0.500000
vt 0.830078 0.500000
vt 0.830078 0.500000
vt 0.830078 0.500000
vt 0.830078 0.500000
vt 0.830078 0.500000
vt 0.779297 0.500000
vt 0.779297 0.500000
vt 0.779297 0.500000
vt 0.779297 0.500000
vt 0.830078 0.500000
vt 0.830078 0.500000
vt 0.779297 0.500000
vt 0.779297 0.500000
vt 0.779297 0.500000
vt 0.779297 0.500000
vt 0.830078 0.500000
vt 0.830078 0.500000
vt 0.830078 0.500000
vt 0.833984 0.500000
vt 0.833984 0.500000
vt 0.833984 0.500000
vt 0.833984 0.500000
vt 0.830078 0.500000
vt 0.830078 0.500000
vt 0.830078 0.500000
vt 0.830078 0.500000
vt 0.826172 0.500000
vt 0.826172 0.500000
vt 0.826172 0.500000
vt 0.826172 0.500000
vt 0.830078 0.500000
vt 0.830078 0.500000
vt 0.830078 0.500000
vt 0.830078 0.500000
vt 0.830078 0.500000
vt 0.779297 0.500000
vt 0.779297 0.500000
vt 0.779297 0.500000
vt 0.779297 0.500000
vt 0.830078 0.500000
vt 0.830078 0.500000
vt 0.830078 0.500000
vt 0.830078 0.500000
vt 0.779297 0.500000
vt 0.779297 0.500000
vt 0.779297 0.500000
vt 0.779297 0.500000
vt 0.833984 0.500000
vt 0.833984 0.500000
vt 0.833984 0.500000
vt 0.833984 0.500000
vt 0.830078 0.500000
vt 0.830078 0.500000
vt 0.830078 0.500000
vt 0.830078 0.500000
vt 0.830078 0.500000
vt 0.830078 0.500000
vt 0.830078 0.500000
vt 0.830078 0.500000
vt 0.830078 0.500000
vt 0.830078 0.500000
vt 0.779297 0.500000
vt 0.779297 0.500000
vt 0.779297 0.500000
vt 0.779297 0.500000
vt 0.830078 0.500000
vt 0.830078 0.500000
vt 0.779297 0.500000
vt 0.779297 0.500000
vt 0.779297 0.500000
vt 0.779297 0.500000
vt 0.830078 0.500000
vt 0.830078 0.500000
vt 0.830078 0.500000
vt 0.833984 0.500000
vt 0.833984 0.500000
vt 0.833984 0.500000
vt 0.833984 0.500000
vt 0.830078 0.500000
vt 0.830078 0.500000
vt 0.830078 0.500000
vt 0.830078 0.500000
vt 0.826172 0.500000
vt 0.826172 0.500000
vt 0.826172 0.500000
vt 0.826172 0.500000
vt 0.830078 0.500000
vt 0.830078 0.500000
vt 0.830078 0.500000
vt 0.830078 0.500000
vt 0.779297 0.500000
vt 0.779297 0.500000
vt 0.779297 0.500000
vt 0.779297 0.500000
vt 0.830078 0.500000
vt 0.830078 0.500000
vt 0.830078 0.500000
vt 0.830078 0.500000
vt 0.779297 0.500000
vt 0.779297 0.500000
vt 0.779297 0.500000
vt 0.779297 0.500000
vt 0.830078 0.500000
vt 0.830078 0.500000
vt 0.833984 0.500000
vt 0.833984 0.500000
vt 0.833984 0.500000
vt 0.833984 0.500000
vt 0.830078 0.500000
vt 0.830078 0.500000
vt 0.830078 0.500000
vt 0.830078 0.500000
vt 0.830078 0.500000
vt 0.830078 0.500000
vt 0.779297 0.500000
vt 0.779297 0.500000
vt 0.779297 0.500000
vt 0.779297 0.500000
vt 0.830078 0.500000
vt 0.830078 0.500000
vt 0.779297 0.500000
vt 0.779297 0.500000
vt 0.779297 0.500000
vt 0.779297 0.500000
vt 0.830078 0.500000
vt 0.830078 0.500000
vt 0.830078 0.500000
vt 0.830078 0.500000
vt 0.833984 0.500000
vt 0.833984 0.500000
vt 0.833984 0.500000
vt 0.833984 0.500000
vt 0.826172 0.500000
vt 0.826172 0.500000
vt 0.826172 0.500000
vt 0.826172 0.500000
vt 0.833984 0.500000
vt 0.833984 0.500000
vt 0.833984 0.500000
vt 0.833984 0.500000
vt 0.830078 0.500000
vt 0.830078 0.500000
vt 0.830078 0.500000
vt 0.830078 0.500000
vt 0.830078 0.500000
vt 0.830078 0.500000
vt 0.830078 0.500000
vt 0.830078 0.500000
vt 0.830078 0.500000
vt 0.779297 0.500000
vt 0.779297 0.500000
vt 0.779297 0.500000
vt 0.779297 0.500000
vt 0.830078 0.500000
vt 0.830078 0.500000
vt 0.779297 0.500000
vt 0.779297 0.500000
vt 0.779297 0.500000
vt 0.779297 0.500000
vt 0.830078 0.500000
vt 0.830078 0.500000
vt 0.830078 0.500000
vt 0.830078 0.500000
vt 0.830078 0.500000
vt 0.830078 0.500000
vt 0.830078 0.500000
vt 0.779297 0.500000
vt 0.779297 0.500000
vt 0.779297 0.500000
vt 0.779297 0.500000
vt 0.830078 0.500000
vt 0.830078 0.500000
vt 0.779297 0.500000
vt 0.779297 0.500000
vt 0.779297 0.500000
vt 0.779297 0.500000
vt 0.830078 0.500000
vt 0.830078 0.500000
vt 0.830078 0.500000
vt 0.830078 0.500000
vt 0.833984 0.500000
vt 0.833984 0.500000
vt 0.833984 0.500000
vt 0.833984 0.500000
vt 0.826172 0.500000
vt 0.826172 0.500000
vt 0.826172 0.500000
vt 0.826172 0.500000
vt 0.833984 0.500000
vt 0.833984 0.500000
vt 0.833984 0.500000
vt 0.833984 0.500000
vt 0.830078 0.500000
vt 0.830078 0.500000
vt 0.830078 0.500000
vt 0.830078 0.500000
vt 0.830078 0.500000
vt 0.830078 0.500000
vt 0.830078 0.500000
vt 0.830078 0.500000
vt 0.830078 0.500000
vt 0.779297 0.500000
vt 0.779297 0.500000
vt 0.779297 0.500000
vt 0.779297 0.500000
vt 0.830078 0.500000
vt 0.830078 0.500000
vt 0.779297 0.500000
vt 0.779297 0.500000
vt 0.779297 0.500000
vt 0.779297 0.500000
vt 0.830078 0.500000
vt 0.830078 0.500000
vt 0.830078 0.500000
vt 0.830078 0.500000
vt 0.830078 0.500000
vt 0.830078 0.500000
vt 0.779297 0.500000
vt 0.779297 0.500000
vt 0.779297 0.500000
vt 0.779297 0.500000
vt 0.830078 0.500000
vt 0.830078 0.500000
vt 0.779297 0.500000
vt 0.779297 0.500000
vt 0.779297 0.500000
vt 0.779297 0.500000
vt 0.830078 0.500000
vt 0.830078 0.500000
vt 0.830078 0.500000
vt 0.833984 0.500000
vt 0.833984 0.500000
vt 0.833984 0.500000
vt 0.833984 0.500000
vt 0.833984 0.500000
vt 0.833984 0.500000
vt 0.833984 0.500000
vt 0.826172 0.500000
vt 0.826172 0.500000
vt 0.826172 0.500000
vt 0.826172 0.500000
vt 0.830078 0.500000
vt 0.830078 0.500000
vt 0.830078 0.500000
vt 0.830078 0.500000
vt 0.826172 0.500000
vt 0.826172 0.500000
vt 0.826172 0.500000
vt 0.826172 0.500000
vt 0.830078 0.500000
vt 0.830078 0.500000
vt 0.830078 0.500000
vt 0.830078 0.500000
vt 0.826172 0.500000
vt 0.826172 0.500000
vt 0.826172 0.500000
vt 0.826172 0.500000
vt 0.833984 0.500000
vt 0.830078 0.500000
vt 0.830078 0.500000
vt 0.830078 0.500000
vt 0.830078 0.500000
vt 0.830078 0.500000
vt 0.830078 0.500000
vt 0.830078 0.500000
vt 0.779297 0.500000
vt 0.779297 0.500000
vt 0.779297 0.500000
vt 0.779297 0.500000
vt 0.830078 0.500000
vt 0.779297 0.500000
vt 0.779297 0.500000
vt 0.779297 0.500000
vt 0.779297 0.500000
vt 0.830078 0.500000
vt 0.830078 0.500000
vt 0.833984 0.500000
vt 0.833984 0.500000
vt 0.833984 0.500000
vt 0.833984 0.500000
vt 0.279328 0.499899
vt 0.279328 0.499899
vt 0.279328 0.499899
vt 0.279328 0.499899
vt 0.279328 0.499899
vt 0.279328 0.499899
vt 0.279328 0.499899
vt 0.279328 0.499899
vt 0.279328 0.499899
vt 0.279328 0.499899
vt 0.279328 0.499899
vt 0.279328 0.499899
vt 0.279328 0.499899
vt 0.279328 0.499899
vt 0.279328 0.499899
vt 0.279328 0.499899
vt 0.279328 0.499899
vt 0.279328 0.499899
vt 0.279328 0.499899
vt 0.279328 0.499899
vt 0.279328 0.499899
vt 0.279328 0.499899
vt 0.279328 0.499899
vt 0.279328 0.499899
vt 0.279328 0.499899
vt 0.279328 0.499899
vt 0.279328 0.499899
vt 0.279328 0.499899
vt 0.279328 0.499899
vt 0.279328 0.499899
vt 0.279328 0.499899
vt 0.279328 0.499899
vt 0.040521 0.499877
vt 0.040521 0.499877
vt 0.040521 0.499877
vt 0.040521 0.499877
vt 0.030252 0.500733
vt 0.030252 0.500733
vt 0.030252 0.500733
vt 0.030252 0.500733
vt 0.030252 0.500733
vt 0.030252 0.500733
vt 0.030252 0.500733
vt 0.030252 0.500733
vt 0.030252 0.500733
vt 0.030252 0.500733
vt 0.030252 0.500733
vt 0.030252 0.500733
vt 0.030252 0.500733
vt 0.030252 0.500733
vt 0.030252 0.500733
vt 0.030252 0.500733
vt 0.030252 0.500733
vt 0.030252 0.500733
vt 0.030252 0.500733
vt 0.030252 0.500733
vt 0.810813 0.136643
vt 0.810813 0.136643
vt 0.810813 0.136643
vt 0.810813 0.136643
vt 0.810813 0.136643
vt 0.810813 0.136643
vn 0.000000 0.000000 1.000000
vn 0.000000 0.000000 1.000000
vn 0.000000 0.000000 1.000000
vn 0.000000 0.000000 1.000000
vn 0.000000 0.000000 1.000000
vn 0.000000 0.000000 1.000000
vn 0.000000 0.000000 1.000000
vn 0.000000 0.000000 1.000000
vn 0.000000 0.000000 1.000000
vn 0.000000 0.000000 1.000000
vn 0.000000 0.000000 1.000000
vn 0.000000 0.000000 1.000000
vn 0.000000 0.000000 1.000000
vn 0.000000 0.000000 1.000000
vn 0.000000 0.000000 1.000000
vn 0.000000 0.000000 1.000000
vn 0.000000 0.000000 1.000000
vn 0.000000 0.000000 1.000000
vn 0.000000 0.000000 1.000000
vn 0.000000 0.000000 1.000000
vn 0.000000 1.000000 0.000000
vn 0.000000 1.000000 0.000000
vn 0.000000 1.000000 0.000000
vn 0.000000 1.000000 0.000000
vn 0.000000 0.000000 -1.000000
vn 0.000000 0.000000 -1.000000
vn 0.000000 0.000000 -1.000000
vn 0.000000 0.000000 -1.000000
vn 0.000000 0.000000 -1.000000
vn 0.000000 0.000000 -1.000000
vn 0.000000 0.000000 -1.000000
vn 0.000000 0.000000 -1.000000
vn 0.000000 0.000000 -1.000000
vn 0.000000 0.000000 -1.000000
vn 0.000000 0.000000 -1.000000
vn 0.000000 0.000000 -1.000000
vn 0.000000 0.000000 -1.000000
vn 0.000000 0.000000 -1.000000
vn 0.000000 0.000000 -1.000000
vn 0.000000 0.000000 -1.000000
vn 0.000000 0.000000 -1.000000
vn 0.000000 0.000000 -1.000000
vn 0.000000 0.000000 -1.000000
vn 0.000000 0.000000 -1.000000
vn 1.000000 0.000000 0.000000
vn 1.000000 -0.000000 0.000000
vn 1.000000 -0.000000 0.000000
vn 1.000000 -0.000000 0.000000
vn 1.000000 -0.000000 0.000000
vn 1.000000 0.000000 0.000000
vn 1.000000 0.000000 0.000000
vn 1.000000 0.000000 0.000000
vn 1.000000 0.000000 0.000000
vn 1.000000 0.000000 0.000000
vn 1.000000 0.000000 0.000000
vn 1.000000 0.000000 0.000000
vn 1.000000 0.000000 0.000000
vn 1.000000 0.000000 0.000000
vn 1.000000 0.000000 0.000000
vn 1.000000 0.000000 0.000000
vn 1.000000 0.000000 0.000000
vn 1.000000 0.000000 0.000000
vn 1.000000 0.000000 0.000000
vn 1.000000 0.000000 0.000000
vn -1.000000 0.000000 0.000000
vn -1.000000 0.000000 0.000000
vn -1.000000 0.000000 0.000000
vn -1.000000 0.000000 0.000000
vn -1.000000 0.000000 0.000000
vn -1.000000 -0.000000 0.000000
vn -1.000000 -0.000000 0.000000
vn -1.000000 -0.000000 0.000000
vn -1.000000 -0.000000 0.000000
vn -1.000000 0.000000 0.000000
vn -1.000000 0.000000 0.000000
vn -1.000000 0.000000 0.000000
vn -1.000000 0.000000 0.000000
vn -1.000000 0.000000 0.000000
vn -1.000000 0.000000 0.000000
vn -1.000000 0.000000 0.000000
vn -1.000000 0.000000 0.000000
vn -1.000000 0.000000 0.000000
vn -1.000000 0.000000 0.000000
vn -1.000000 0.000000 0.000000
vn -1.000000 0.000000 0.000000
vn -1.000000 0.000000 0.000000
vn -1.000000 0.000000 0.000000
vn -1.000000 0.000000 0.000000
vn 1.000000 0.000000 0.000000
vn 1.000000 0.000000 0.000000
vn 1.000000 0.000000 0.000000
vn 1.000000 0.000000 0.000000
vn 0.000000 -1.000000 0.000000
vn 0.000000 -1.000000 0.000000
vn 0.000000 -1.000000 0.000000
vn 0.000000 -1.000000 0.000000
vn -1.000000 0.000000 0.000000
vn -1.000000 0.000000 0.000000
vn 1.000000 0.000000 0.000000
vn 1.000000 0.000000 0.000000
vn 0.000000 1.000000 0.000000
vn 0.000000 1.000000 0.000000
vn 0.000000 1.000000 0.000000
vn 0.000000 1.000000 0.000000
vn -1.000000 0.000000 0.000000
vn -1.000000 0.000000 0.000000
vn 1.000000 0.000000 0.000000
vn 1.000000 0.000000 0.000000
vn 0.000000 -1.000000 0.000000
vn 0.000000 -1.000000 0.000000
vn 0.000000 -1.000000 0.000000
vn 0.000000 -1.000000 0.000000
vn 0.000000 1.000000 0.000000
vn 0.000000 1.000000 0.000000
vn 0.000000 -1.000000 0.000000
vn 0.000000 -1.000000 0.000000
vn 0.000000 1.000000 0.000000
vn 0.000000 0.000000 1.000000
vn 0.000000 0.000000 1.000000
vn 0.000000 -1.000000 0.000000
vn 0.000000 -1.000000 0.000000
vn 0.000000 0.000000 -1.000000
vn 0.000000 0.000000 -1.000000
vn 0.000000 1.000000 0.000000
vn 0.000000 1.000000 0.000000
vn 0.000000 1.000000 0.000000
vn 0.000000 1.000000 0.000000
vn 0.000000 1.000000 0.000000
vn 0.000000 1.000000 0.000000
vn 0.000000 1.000000 0.000000
vn 0.000000 1.000000 0.000000
vn 0.000000 1.000000 0.000000
vn 0.000000 0.000000 1.000000
vn 0.000000 0.000000 1.000000
vn 0.000000 0.000000 1.000000
vn 0.000000 0.000000 1.000000
vn 0.000000 0.000000 -1.000000
vn 0.000000 0.000000 -1.000000
vn 0.000000 0.000000 -1.000000
vn 0.000000 0.000000 -1.000000
vn 0.000000 -1.000000 0.000000
vn 0.000000 -1.000000 0.000000
vn 0.000000 1.000000 0.000000
vn 0.000000 1.000000 0.000000
vn 0.000000 -1.000000 0.000000
vn 0.000000 0.000000 1.000000
vn 0.000000 0.000000 1.000000
vn 0.000000 1.000000 0.000000
vn 0.000000 1.000000 0.000000
vn 0.000000 0.000000 -1.000000
vn 0.000000 0.000000 -1.000000
vn 0.000000 -1.000000 0.000000
vn 1.000000 0.000000 0.000000
vn 1.000000 0.000000 0.000000
vn 1.000000 0.000000 0.000000
vn 1.000000 0.000000 0.000000
vn 0.000000 1.000000 0.000000
vn 0.000000 1.000000 0.000000
vn 0.000000 1.000000 0.000000
vn 0.000000 1.000000 0.000000
vn -1.000000 0.000000 0.000000
vn -1.000000 0.000000 0.000000
vn -1.000000 0.000000 0.000000
vn -1.000000 0.000000 0.000000
vn 0.000000 -1.000000 0.000000
vn 0.000000 -1.000000 0.000000
vn 0.000000 -1.000000 0.000000
vn 0.000000 -1.000000 0.000000
vn 1.000000 0.000000 0.000000
vn 1.000000 0.000000 0.000000
vn 1.000000 0.000000 0.000000
vn 1.000000 0.000000 0.000000
vn 0.000000 -1.000000 0.000000
vn 0.000000 -1.000000 0.000000
vn 0.000000 -1.000000 0.000000
vn 0.000000 -1.000000 0.000000
vn -1.000000 0.000000 0.000000
vn -1.000000 0.000000 0.000000
vn -1.000000 0.000000 0.000000
vn -1.000000 0.000000 0.000000
vn 0.000000 1.000000 0.000000
vn 0.000000 1.000000 0.000000
vn 0.000000 1.000000 0.000000
vn 0.000000 1.000000 0.000000
vn 0.000000 0.000000 -1.000000
vn 0.000000 0.000000 -1.000000
vn 0.000000 0.000000 -1.000000
vn 0.000000 0.000000 -1.000000
vn 0.000000 1.000000 0.000000
vn 0.000000 1.000000 0.000000
vn 0.000000 1.000000 0.000000
vn 0.000000 1.000000 0.000000
vn 0.000000 0.000000 1.000000
vn 0.000000 0.000000 1.000000
vn 0.000000 0.000000 1.000000
vn 0.000000 0.000000 1.000000
vn 0.000000 -1.000000 0.000000
vn 0.000000 -1.000000 0.000000
vn 0.000000 -1.000000 0.000000
vn 0.000000 -1.000000 0.000000
vn 0.000000 0.000000 1.000000
vn 0.000000 0.000000 1.000000
vn 0.000000 0.000000 1.000000
vn 0.000000 0.000000 1.000000
vn 0.000000 1.000000 0.000000
vn 0.000000 1.000000 0.000000
vn 0.000000 1.000000 0.000000
vn 0.000000 1.000000 0.000000
vn 0.000000 0.000000 -1.000000
vn 0.000000 0.000000 -1.000000
vn 0.000000 0.000000 -1.000000
vn 0.000000 0.000000 -1.000000
vn 0.000000 -1.000000 0.000000
vn 0.000000 -1.000000 0.000000
vn 0.000000 -1.000000 0.000000
vn 0.000000 -1.000000 0.000000
vn -0.016396 0.082509 0.996455
vn -0.016396 0.082509 0.996455
vn -0.016396 0.082509 0.996455
vn -0.016396 0.082509 0.996455
vn 0.145218 0.986219 -0.079270
vn 0.145218 0.986219 -0.079270
vn 0.145218 0.986219 -0.079270
vn 0.145218 0.986219 -0.079270
vn 0.016396 -0.082509 -0.996455
vn 0.016396 -0.082509 -0.996455
vn 0.016396 -0.082509 -0.996455
vn 0.016396 -0.082509 -0.996455
vn -0.145218 -0.986219 0.079275
vn -0.145218 -0.986219 0.079275
vn -0.145218 -0.986219 0.079275
vn -0.145218 -0.986219 0.079275
vn 0.989263 -0.143410 0.028151
vn 0.989263 -0.143410 0.028151
vn 0.989263 -0.143410 0.028151
vn 0.989263 -0.143410 0.028151
vn -0.989263 0.143410 -0.028152
vn -0.989263 0.143410 -0.028152
vn -0.989263 0.143410 -0.028152
vn -0.989263 0.143410 -0.028152
vn -0.016395 0.082509 0.996455
vn -0.016395 0.082509 0.996455
vn -0.016395 0.082509 0.996455
vn -0.016395 0.082509 0.996455
vn 0.145225 0.986218 -0.079271
vn 0.145225 0.986218 -0.079271
vn 0.145225 0.986218 -0.079271
vn 0.145225 0.986218 -0.079271
vn 0.016395 -0.082509 -0.996455
vn 0.016395 -0.082509 -0.996455
vn 0.016395 -0.082509 -0.996455
vn 0.016395 -0.082509 -0.996455
vn -0.145225 -0.986218 0.079270
vn -0.145225 -0.986218 0.079270
vn -0.145225 -0.986218 0.079270
vn -0.145225 -0.986218 0.079270
vn 0.989263 -0.143410 0.028152
vn 0.989263 -0.143410 0.028152
vn 0.989263 -0.143410 0.028152
vn 0.989263 -0.143410 0.028152
vn -0.989263 0.143410 -0.028152
vn -0.989263 0.143410 -0.028152
vn -0.989263 0.143410 -0.028152
vn -0.989263 0.143410 -0.028152
vn -0.016396 0.082509 0.996455
vn -0.016396 0.082509 0.996455
vn -0.016396 0.082509 0.996455
vn -0.016396 0.082509 0.996455
vn 0.145218 0.986219 -0.079274
vn 0.145218 0.986219 -0.079274
vn 0.145218 0.986219 -0.079274
vn 0.145218 0.986219 -0.079274
vn 0.016396 -0.082509 -0.996455
vn 0.016396 -0.082509 -0.996455
vn 0.016396 -0.082509 -0.996455
vn 0.016396 -0.082509 -0.996455
vn -0.145218 -0.986219 0.079270
vn -0.145218 -0.986219 0.079270
vn -0.145218 -0.986219 0.079270
vn -0.145218 -0.986219 0.079270
vn 0.989263 -0.143411 0.028152
vn 0.989263 -0.143411 0.028152
vn 0.989263 -0.143411 0.028152
vn 0.989263 -0.143411 0.028152
vn -0.989263 0.143410 -0.028152
vn -0.989263 0.143410 -0.028152
vn -0.989263 0.143410 -0.028152
vn -0.989263 0.143410 -0.028152
vn -0.016395 0.082509 0.996455
vn -0.016395 0.082509 0.996455
vn -0.016395 0.082509 0.996455
vn -0.016395 0.082509 0.996455
vn 0.145224 0.986218 -0.079273
vn 0.145224 0.986218 -0.079273
vn 0.145224 0.986218 -0.079273
vn 0.145224 0.986218 -0.079273
vn 0.016395 -0.082509 -0.996455
vn 0.016395 -0.082509 -0.996455
vn 0.016395 -0.082509 -0.996455
vn 0.016395 -0.082509 -0.996455
vn -0.145224 -0.986218 0.079271
vn -0.145224 -0.986218 0.079271
vn -0.145224 -0.986218 0.079271
vn -0.145224 -0.986218 0.079271
vn 0.989263 -0.143410 0.028152
vn 0.989263 -0.143410 0.028152
vn 0.989263 -0.143410 0.028152
vn 0.989263 -0.143410 0.028152
vn -0.989263 0.143410 -0.028152
vn -0.989263 0.143410 -0.028152
vn -0.989263 0.143410 -0.028152
vn -0.989263 0.143410 -0.028152
vn -0.016396 0.082509 0.996455
vn -0.016396 0.082509 0.996455
vn -0.016396 0.082509 0.996455
vn -0.016396 0.082509 0.996455
vn 0.145224 0.986218 -0.079273
vn 0.145224 0.986218 -0.079273
vn 0.145224 0.986218 -0.079273
vn 0.145224 0.986218 -0.079273
vn 0.016395 -0.082510 -0.996455
vn 0.016395 -0.082510 -0.996455
vn 0.016395 -0.082510 -0.996455
vn 0.016395 -0.082510 -0.996455
vn -0.145225 -0.986218 0.079270
vn -0.145225 -0.986218 0.079270
vn -0.145225 -0.986218 0.079270
vn -0.145225 -0.986218 0.079270
vn 0.989263 -0.143409 0.028152
vn 0.989263 -0.143409 0.028152
vn 0.989263 -0.143409 0.028152
vn 0.989263 -0.143409 0.028152
vn -0.989263 0.143408 -0.028152
vn -0.989263 0.143408 -0.028152
vn -0.989263 0.143408 -0.028152
vn -0.989263 0.143408 -0.028152
vn -0.016395 0.082509 0.996455
vn -0.016395 0.082509 0.996455
vn -0.016395 0.082509 0.996455
vn -0.016395 0.082509 0.996455
vn 0.145218 0.986219 -0.079273
vn 0.145218 0.986219 -0.079273
vn 0.145218 0.986219 -0.079273
vn 0.145218 0.986219 -0.079273
vn 0.016395 -0.082509 -0.996455
vn 0.016395 -0.082509 -0.996455
vn 0.016395 -0.082509 -0.996455
vn 0.016395 -0.082509 -0.996455
vn -0.145218 -0.986219 0.079269
vn -0.145218 -0.986219 0.079269
vn -0.145218 -0.986219 0.079269
vn -0.145218 -0.986219 0.079269
vn 0.989263 -0.143410 0.028151
vn 0.989263 -0.143410 0.028151
vn 0.989263 -0.143410 0.028151
vn 0.989263 -0.143410 0.028151
vn -0.989263 0.143410 -0.028151
vn -0.989263 0.143410 -0.028151
vn -0.989263 0.143410 -0.028151
vn -0.989263 0.143410 -0.028151
vn -0.016396 0.082509 0.996455
vn -0.016396 0.082509 0.996455
vn -0.016396 0.082509 0.996455
vn -0.016396 0.082509 0.996455
vn 0.145225 0.986218 -0.079267
vn 0.145225 0.986218 -0.079267
vn 0.145225 0.986218 -0.079267
vn 0.145225 0.986218 -0.079267
vn 0.016396 -0.082509 -0.996455
vn 0.016396 -0.082509 -0.996455
vn 0.016396 -0.082509 -0.996455
vn 0.016396 -0.082509 -0.996455
vn -0.145224 -0.986218 0.079273
vn -0.145224 -0.986218 0.079273
vn -0.145224 -0.986218 0.079273
vn -0.145224 -0.986218 0.079273
vn 0.989263 -0.143410 0.028152
vn 0.989263 -0.143410 0.028152
vn 0.989263 -0.143410 0.028152
vn 0.989263 -0.143410 0.028152
vn -0.989263 0.143410 -0.028152
vn -0.989263 0.143410 -0.028152
vn -0.989263 0.143410 -0.028152
vn -0.989263 0.143410 -0.028152
vn -1.000000 0.000000 0.000000
vn -1.000000 0.000000 0.000000
vn -1.000000 0.000000 0.000000
vn -1.000000 0.000000 0.000000
vn -1.000000 0.000000 0.000000
vn -1.000000 0.000000 0.000000
vn -1.000000 0.000000 0.000000
vn -1.000000 0.000000 0.000000
vn -1.000000 0.000000 0.000000
vn -1.000000 0.000000 0.000000
vn -1.000000 0.000000 0.000000
vn -1.000000 0.000000 0.000000
vn 1.000000 0.000000 0.000000
vn 1.000000 0.000000 0.000000
vn 1.000000 0.000000 0.000000
vn 1.000000 0.000000 0.000000
vn 1.000000 0.000000 0.000000
vn 1.000000 0.000000 0.000000
vn 1.000000 0.000000 0.000000
vn 1.000000 0.000000 0.000000
vn 1.000000 0.000000 0.000000
vn 1.000000 0.000000 0.000000
vn 1.000000 0.000000 0.000000
vn 1.000000 0.000000 0.000000
vn 0.000000 0.000000 1.000000
vn 0.000000 0.000000 1.000000
vn 0.000000 0.000000 1.000000
vn 0.000000 0.000000 1.000000
vn 0.000000 0.000000 1.000000
vn 0.000000 0.000000 1.000000
vn 0.000000 0.000000 1.000000
vn 0.000000 0.000000 1.000000
vn 0.000000 0.000000 1.000000
vn 0.000000 0.000000 1.000000
vn 0.000000 0.000000 1.000000
vn 0.000000 0.000000 1.000000
vn 0.000000 0.000000 1.000000
vn 0.000000 0.000000 1.000000
vn 0.000000 0.000000 -1.000000
vn 0.000000 0.000000 -1.000000
vn 0.000000 0.000000 -1.000000
vn 0.000000 0.000000 -1.000000
vn 0.000000 0.000000 -1.000000
vn 0.000000 0.000000 -1.000000
vn 0.000000 0.000000 -1.000000
vn 0.000000 0.000000 -1.000000
vn 0.000000 -1.000000 0.000000
vn 0.000000 -1.000000 0.000000
vn 0.000000 -1.000000 0.000000
vn 0.000000 -1.000000 0.000000
vn 0.000000 1.000000 0.000000
vn 0.000000 1.000000 0.000000
vn 0.000000 1.000000 0.000000
vn 0.000000 1.000000 0.000000
vn 0.000000 1.000000 0.000000
vn 0.000000 1.000000 0.000000
vn 0.000000 1.000000 0.000000
vn 0.000000 1.000000 0.000000
vn 0.000000 1.000000 0.000000
vn 0.000000 1.000000 0.000000
vn -1.000000 0.000000 0.000000
vn -1.000000 0.000000 0.000000
vn -1.000000 0.000000 0.000000
vn -1.000000 0.000000 0.000000
vn -1.000000 0.000000 0.000000
vn -1.000000 0.000000 0.000000
vn -1.000000 0.000000 0.000000
vn -1.000000 0.000000 0.000000
vn 1.000000 0.000000 0.000000
vn 1.000000 0.000000 0.000000
vn 1.000000 0.000000 0.000000
vn 1.000000 0.000000 0.000000
vn 1.000000 0.000000 0.000000
vn 1.000000 0.000000 0.000000
vn 1.000000 0.000000 0.000000
vn 1.000000 0.000000 0.000000
vn 0.000000 0.000000 1.000000
vn 0.000000 0.000000 1.000000
vn 0.000000 0.000000 1.000000
vn 0.000000 0.000000 1.000000
vn 0.000000 0.000000 1.000000
vn 0.000000 0.000000 1.000000
vn 0.000000 0.000000 1.000000
vn 0.000000 0.000000 1.000000
vn 0.000000 0.000000 -1.000000
vn 0.000000 0.000000 -1.000000
vn 0.000000 0.000000 -1.000000
vn 0.000000 0.000000 -1.000000
vn 0.000000 0.000000 -1.000000
vn 0.000000 0.000000 -1.000000
vn 0.000000 0.000000 -1.000000
vn 0.000000 0.000000 -1.000000
vn 0.000000 -1.000000 0.000000
vn 0.000000 -1.000000 0.000000
vn 0.000000 -1.000000 0.000000
vn 0.000000 -1.000000 0.000000
vn 0.000000 -1.000000 0.000000
vn 0.000000 -1.000000 0.000000
vn 0.000000 1.000000 0.000000
vn 0.000000 1.000000 0.000000
vn 0.000000 1.000000 0.000000
vn 0.000000 1.000000 0.000000
vn 0.000000 1.000000 0.000000
vn 0.000000 1.000000 0.000000
vn 0.000000 1.000000 0.000000
vn 0.000000 1.000000 0.000000
vn 0.000000 1.000000 0.000000
vn 0.000000 1.000000 0.000000
vn 0.000000 1.000000 0.000000
vn 0.000000 1.000000 0.000000
vn 0.000000 1.000000 0.000000
vn 0.000000 1.000000 0.000000
vn 0.000000 1.000000 0.000000
vn 0.000000 1.000000 0.000000
vn 0.000000 1.000000 0.000000
vn 0.000000 1.000000 0.000000
vn 0.000000 1.000000 0.000000
vn 0.000000 1.000000 0.000000
vn 0.000000 1.000000 0.000000
vn 0.000000 1.000000 0.000000
vn -1.000000 0.000000 0.000000
vn -1.000000 0.000000 0.000000
vn -1.000000 0.000000 0.000000
vn -1.000000 0.000000 0.000000
vn 1.000000 0.000000 0.000000
vn 1.000000 0.000000 0.000000
vn 1.000000 0.000000 0.000000
vn 1.000000 0.000000 0.000000
vn 0.000000 0.000000 1.000000
vn 0.000000 0.000000 1.000000
vn 0.000000 0.000000 1.000000
vn 0.000000 0.000000 1.000000
vn 0.000000 0.000000 -1.000000
vn 0.000000 0.000000 -1.000000
vn 0.000000 0.000000 -1.000000
vn 0.000000 0.000000 -1.000000
vn 0.000000 -1.000000 0.000000
vn 0.000000 -1.000000 0.000000
vn 0.000000 -1.000000 0.000000
vn 0.000000 -1.000000 0.000000
vn 0.000000 -1.000000 0.000000
vn 0.000000 -1.000000 0.000000
vn 0.000000 1.000000 0.000000
vn 0.000000 1.000000 0.000000
vn 0.000000 1.000000 0.000000
vn 0.000000 1.000000 0.000000
vn 0.000000 1.000000 0.000000
vn 0.000000 1.000000 0.000000
vn -1.000000 0.000000 0.000000
vn -1.000000 0.000000 0.000000
vn -1.000000 0.000000 0.000000
vn -1.000000 0.000000 0.000000
vn -1.000000 0.000000 0.000000
vn -1.000000 0.000000 0.000000
vn -1.000000 0.000000 0.000000
vn -1.000000 0.000000 0.000000
vn -1.000000 0.000000 0.000000
vn -1.000000 0.000000 0.000000
vn -1.000000 0.000000 0.000000
vn -1.000000 0.000000 0.000000
vn 1.000000 0.000000 0.000000
vn 1.000000 0.000000 0.000000
vn 1.000000 0.000000 0.000000
vn 1.000000 0.000000 0.000000
vn 1.000000 0.000000 0.000000
vn 1.000000 0.000000 0.000000
vn 1.000000 0.000000 0.000000
vn 1.000000 0.000000 0.000000
vn 1.000000 0.000000 0.000000
vn 1.000000 0.000000 0.000000
vn 1.000000 0.000000 0.000000
vn 1.000000 0.000000 0.000000
vn 0.000000 0.422606 0.906313
vn 0.000000 0.422606 0.906313
vn 0.000000 0.422606 0.906313
vn 0.000000 0.422606 0.906313
vn 0.000000 0.422606 0.906313
vn 0.000000 0.422606 0.906313
vn 0.000000 0.422606 0.906313
vn 0.000000 0.422606 0.906313
vn 0.000000 0.422606 0.906313
vn 0.000000 0.422606 0.906313
vn 0.000000 0.422606 0.906313
vn 0.000000 0.422606 0.906313
vn 0.000000 -0.422606 -0.906313
vn 0.000000 -0.422606 -0.906313
vn 0.000000 -0.422606 -0.906313
vn 0.000000 -0.422606 -0.906313
vn 0.000000 -0.422606 -0.906313
vn 0.000000 -0.422606 -0.906313
vn 0.000000 -0.422606 -0.906313
vn 0.000000 -0.422606 -0.906313
vn 0.000000 -0.906313 0.422606
vn 0.000000 -0.906313 0.422606
vn 0.000000 -0.906313 0.422606
vn 0.000000 -0.906313 0.422606
vn 0.000000 0.906313 -0.422606
vn 0.000000 0.906313 -0.422606
vn 0.000000 0.906313 -0.422606
vn 0.000000 0.906313 -0.422606
vn 0.000000 0.906313 -0.422606
vn 0.000000 0.906313 -0.422606
vn 0.000000 0.906313 -0.422606
vn 0.000000 0.906313 -0.422606
vn 0.000000 0.906313 -0.422606
vn 0.000000 0.906313 -0.422606
vn -1.000000 0.000000 0.000000
vn -1.000000 0.000000 0.000000
vn -1.000000 0.000000 0.000000
vn -1.000000 0.000000 0.000000
vn -1.000000 0.000000 0.000000
vn -1.000000 0.000000 0.000000
vn -1.000000 0.000000 0.000000
vn -1.000000 0.000000 0.000000
vn 1.000000 0.000000 0.000000
vn 1.000000 0.000000 0.000000
vn 1.000000 0.000000 0.000000
vn 1.000000 0.000000 0.000000
vn 1.000000 0.000000 0.000000
vn 1.000000 0.000000 0.000000
vn 1.000000 0.000000 0.000000
vn 1.000000 0.000000 0.000000
vn 0.000000 0.422606 0.906313
vn 0.000000 0.422606 0.906313
vn 0.000000 0.422606 0.906313
vn 0.000000 0.422606 0.906313
vn 0.000000 0.422606 0.906313
vn 0.000000 0.422606 0.906313
vn 0.000000 0.422606 0.906313
vn 0.000000 0.422606 0.906313
vn 0.000000 -0.422606 -0.906313
vn 0.000000 -0.422606 -0.906313
vn 0.000000 -0.422606 -0.906313
vn 0.000000 -0.422606 -0.906313
vn 0.000000 -0.422606 -0.906313
vn 0.000000 -0.422606 -0.906313
vn 0.000000 -0.422606 -0.906313
vn 0.000000 -0.422606 -0.906313
vn 0.000000 -0.422606 -0.906313
vn 0.000000 -0.422606 -0.906313
vn 0.000000 -0.906313 0.422606
vn 0.000000 -0.906313 0.422606
vn 0.000000 -0.906313 0.422606
vn 0.000000 -0.906313 0.422606
vn 0.000000 -0.906313 0.422606
vn 0.000000 -0.906313 0.422606
vn 0.000000 0.906313 -0.422606
vn 0.000000 0.906313 -0.422606
vn 0.000000 0.906313 -0.422606
vn 0.000000 0.906313 -0.422606
vn 0.000000 0.906313 -0.422606
vn 0.000000 0.906313 -0.422606
vn 0.000000 0.906313 -0.422606
vn 0.000000 0.906313 -0.422606
vn 0.000000 0.906313 -0.422606
vn 0.000000 0.906313 -0.422606
vn 0.000000 0.906313 -0.422606
vn 0.000000 0.906313 -0.422606
vn 0.000000 0.906313 -0.422606
vn 0.000000 0.906313 -0.422606
vn 0.000000 0.906313 -0.422606
vn 0.000000 0.906313 -0.422606
vn 0.000000 0.906313 -0.422606
vn 0.000000 0.906313 -0.422606
vn 0.000000 0.906313 -0.422606
vn 0.000000 0.906313 -0.422606
vn 0.000000 0.906313 -0.422606
vn 0.000000 0.906313 -0.422606
vn 0.000000 0.906313 -0.422606
vn 0.000000 0.906313 -0.422606
vn 0.000000 0.642817 0.766020
vn 0.000000 0.642817 0.766020
vn 0.000000 0.642817 0.766020
vn 0.000000 0.642817 0.766020
vn 0.000000 -0.642817 -0.766020
vn 0.000000 -0.642817 -0.766020
vn 0.000000 -0.642817 -0.766020
vn 0.000000 -0.642817 -0.766020
vn 0.000000 -0.642817 -0.766020
vn 0.000000 -0.642817 -0.766020
vn 1.000000 0.000000 0.000000
vn 1.000000 0.000000 0.000000
vn 1.000000 0.000000 0.000000
vn 1.000000 0.000000 0.000000
vn -1.000000 0.000000 0.000000
vn -1.000000 0.000000 0.000000
vn -1.000000 0.000000 0.000000
vn -1.000000 0.000000 0.000000
vn 0.000000 -0.766020 0.642817
vn 0.000000 -0.766020 0.642817
vn 0.000000 -0.766020 0.642817
vn 0.000000 -0.766020 0.642817
vn 0.000000 0.766020 -0.642817
vn 0.000000 0.766020 -0.642817
vn 0.000000 0.766020 -0.642817
vn 0.000000 0.766020 -0.642817
vn 0.173595 0.981073 -0.085798
vn 0.173595 0.981073 -0.085798
vn 0.173595 0.981073 -0.085798
vn 0.173595 0.981073 -0.085798
vn 0.173595 0.981073 -0.085798
vn 0.173595 0.981073 -0.085798
vn -0.173595 -0.981073 0.085798
vn -0.173595 -0.981073 0.085798
vn -0.173595 -0.981073 0.085798
vn -0.173595 -0.981073 0.085798
vn 0.000000 0.087199 0.996191
vn 0.000000 0.087199 0.996191
vn 0.000000 0.087199 0.996191
vn 0.000000 0.087199 0.996191
vn 0.000000 -0.087199 -0.996191
vn 0.000000 -0.087199 -0.996191
vn 0.000000 -0.087199 -0.996191
vn 0.000000 -0.087199 -0.996191
vn -0.984806 0.173001 -0.015100
vn -0.984806 0.173001 -0.015100
vn -0.984806 0.173001 -0.015100
vn -0.984806 0.173001 -0.015100
vn -0.984806 0.173001 -0.015100
vn -0.984806 0.173001 -0.015100
vn 0.984806 -0.173001 0.015100
vn 0.984806 -0.173001 0.015100
vn 0.984806 -0.173001 0.015100
vn 0.984806 -0.173001 0.015100
vn -1.000000 0.000000 0.000000
vn -1.000000 0.000000 0.000000
vn -1.000000 0.000000 0.000000
vn -1.000000 0.000000 0.000000
vn -1.000000 0.000000 0.000000
vn -1.000000 0.000000 0.000000
vn -1.000000 0.000000 0.000000
vn -1.000000 0.000000 0.000000
vn -1.000000 0.000000 0.000000
vn -1.000000 0.000000 0.000000
vn -1.000000 0.000000 0.000000
vn -1.000000 0.000000 0.000000
vn -1.000000 0.000000 0.000000
vn -1.000000 0.000000 0.000000
vn -1.000000 0.000000 0.000000
vn -1.000000 0.000000 0.000000
vn -1.000000 0.000000 0.000000
vn -1.000000 0.000000 0.000000
vn -1.000000 0.000000 0.000000
vn -1.000000 0.000000 0.000000
vn -1.000000 0.000000 0.000000
vn -1.000000 0.000000 0.000000
vn -1.000000 0.000000 0.000000
vn -1.000000 0.000000 0.000000
vn -1.000000 0.000000 0.000000
vn -1.000000 0.000000 0.000000
vn -1.000000 0.000000 0.000000
vn -1.000000 0.000000 0.000000
vn -1.000000 0.000000 0.000000
vn -1.000000 0.000000 0.000000
vn -1.000000 0.000000 0.000000
vn -1.000000 0.000000 0.000000
vn -1.000000 0.000000 0.000000
vn -1.000000 0.000000 0.000000
vn -1.000000 0.000000 0.000000
vn -1.000000 0.000000 0.000000
vn -1.000000 0.000000 0.000000
vn -1.000000 0.000000 0.000000
vn -1.000000 0.000000 0.000000
vn -1.000000 0.000000 0.000000
vn -1.000000 0.000000 0.000000
vn -1.000000 0.000000 0.000000
vn -1.000000 0.000000 0.000000
vn -1.000000 0.000000 0.000000
vn -1.000000 0.000000 0.000000
vn -1.000000 0.000000 0.000000
vn -1.000000 0.000000 0.000000
vn -1.000000 0.000000 0.000000
vn -1.000000 0.000000 0.000000
vn -1.000000 0.000000 0.000000
vn -1.000000 0.000000 0.000000
vn -1.000000 0.000000 0.000000
vn -1.000000 0.000000 0.000000
vn 1.000000 0.000000 0.000000
vn 1.000000 0.000000 0.000000
vn 1.000000 0.000000 0.000000
vn 1.000000 0.000000 0.000000
vn 1.000000 0.000000 0.000000
vn 1.000000 0.000000 0.000000
vn 1.000000 0.000000 0.000000
vn 1.000000 0.000000 0.000000
vn 1.000000 0.000000 0.000000
vn 1.000000 0.000000 0.000000
vn 1.000000 0.000000 0.000000
vn 1.000000 0.000000 0.000000
vn 1.000000 0.000000 0.000000
vn 1.000000 0.000000 0.000000
vn 1.000000 0.000000 0.000000
vn 1.000000 0.000000 0.000000
vn 1.000000 0.000000 0.000000
vn 1.000000 0.000000 0.000000
vn 1.000000 0.000000 0.000000
vn 1.000000 0.000000 0.000000
vn 1.000000 0.000000 0.000000
vn 1.000000 0.000000 0.000000
vn 1.000000 0.000000 0.000000
vn 1.000000 0.000000 0.000000
vn 1.000000 0.000000 0.000000
vn 1.000000 0.000000 0.000000
vn 1.000000 0.000000 0.000000
vn 1.000000 0.000000 0.000000
vn 1.000000 0.000000 0.000000
vn 1.000000 0.000000 0.000000
vn 1.000000 0.000000 0.000000
vn 1.000000 0.000000 0.000000
vn 1.000000 0.000000 0.000000
vn 1.000000 0.000000 0.000000
vn 1.000000 0.000000 0.000000
vn 1.000000 0.000000 0.000000
vn 1.000000 0.000000 0.000000
vn 1.000000 0.000000 0.000000
vn 1.000000 0.000000 0.000000
vn 1.000000 0.000000 0.000000
vn 1.000000 0.000000 0.000000
vn 1.000000 0.000000 0.000000
vn 1.000000 0.000000 0.000000
vn 1.000000 0.000000 0.000000
vn 1.000000 0.000000 0.000000
vn 1.000000 0.000000 0.000000
vn 0.000000 0.000000 1.000000
vn 0.000000 0.000000 1.000000
vn 0.000000 0.000000 1.000000
vn 0.000000 0.000000 1.000000
vn 0.000000 0.000000 1.000000
vn 0.000000 0.000000 1.000000
vn 0.000000 0.000000 1.000000
vn 0.000000 0.000000 1.000000
vn 0.000000 0.000000 1.000000
vn 0.000000 0.000000 1.000000
vn 0.000000 0.000000 1.000000
vn 0.000000 0.000000 1.000000
vn 0.000000 0.000000 1.000000
vn 0.000000 0.000000 1.000000
vn 0.000000 0.000000 1.000000
vn 0.000000 0.000000 1.000000
vn 0.000000 0.000000 1.000000
vn 0.000000 0.000000 1.000000
vn 0.000000 0.000000 1.000000
vn 0.000000 0.000000 1.000000
vn 0.000000 0.000000 1.000000
vn 0.000000 0.000000 1.000000
vn 0.000000 0.000000 1.000000
vn 0.000000 0.000000 1.000000
vn 0.000000 0.000000 1.000000
vn 0.000000 0.000000 1.000000
vn 0.000000 0.000000 1.000000
vn 0.000000 0.000000 1.000000
vn 0.000000 0.000000 1.000000
vn 0.000000 0.000000 1.000000
vn 0.000000 0.000000 1.000000
vn 0.000000 0.000000 1.000000
vn 0.000000 0.000000 1.000000
vn 0.000000 0.000000 1.000000
vn 0.000000 0.000000 1.000000
vn 0.000000 0.000000 1.000000
vn 0.000000 0.000000 1.000000
vn 0.000000 0.000000 1.000000
vn 0.000000 0.000000 1.000000
vn 0.000000 0.000000 1.000000
vn 0.000000 0.000000 1.000000
vn 0.000000 0.000000 1.000000
vn 0.000000 0.000000 1.000000
vn 0.000000 0.000000 1.000000
vn 0.000000 0.000000 1.000000
vn 0.000000 0.000000 1.000000
vn 0.000000 0.000000 1.000000
vn 0.000000 0.000000 1.000000
vn 0.000000 0.000000 1.000000
vn 0.000000 0.000000 1.000000
vn 0.000000 0.000000 1.000000
vn 0.000000 0.000000 1.000000
vn 0.000000 0.000000 1.000000
vn 0.000000 0.000000 1.000000
vn 0.000000 0.000000 1.000000
vn 0.000000 0.000000 1.000000
vn 0.000000 0.000000 1.000000
vn 0.000000 0.000000 1.000000
vn 0.000000 0.000000 1.000000
vn 0.000000 0.000000 1.000000
vn 0.000000 0.000000 1.000000
vn 0.000000 0.000000 1.000000
vn 0.000000 0.000000 1.000000
vn 0.000000 0.000000 1.000000
vn 0.000000 0.000000 1.000000
vn 0.000000 0.000000 1.000000
vn 0.000000 0.000000 1.000000
vn 0.000000 0.000000 1.000000
vn 0.000000 0.000000 1.000000
vn 0.000000 0.000000 1.000000
vn 0.000000 0.000000 1.000000
vn 0.000000 0.000000 1.000000
vn 0.000000 0.000000 1.000000
vn 0.000000 0.000000 1.000000
vn 0.000000 0.000000 1.000000
vn 0.000000 0.000000 1.000000
vn 0.000000 0.000000 1.000000
vn 0.000000 0.000000 1.000000
vn 0.000000 0.000000 1.000000
vn 0.000000 0.000000 1.000000
vn 0.000000 0.000000 1.000000
vn 0.000000 0.000000 1.000000
vn 0.000000 0.000000 1.000000
vn 0.000000 0.000000 1.000000
vn 0.000000 0.000000 1.000000
vn 0.000000 0.000000 1.000000
vn 0.000000 0.000000 1.000000
vn 0.000000 0.000000 1.000000
vn 0.000000 0.000000 1.000000
vn 0.000000 0.000000 1.000000
vn 0.000000 0.000000 1.000000
vn 0.000000 0.000000 1.000000
vn 0.000000 0.000000 1.000000
vn 0.000000 0.000000 1.000000
vn 0.000000 0.000000 1.000000
vn 0.000000 0.000000 1.000000
vn 0.000000 0.000000 1.000000
vn 0.000000 0.000000 1.000000
vn 0.000000 0.000000 1.000000
vn 0.000000 0.000000 1.000000
vn 0.000000 0.000000 1.000000
vn 0.000000 0.000000 1.000000
vn 0.000000 0.000000 1.000000
vn 0.000000 0.000000 1.000000
vn 0.000000 0.000000 1.000000
vn 0.000000 0.000000 1.000000
vn 0.000000 0.000000 1.000000
vn 0.000000 0.000000 1.000000
vn 0.000000 0.000000 1.000000
vn 0.000000 0.000000 1.000000
vn 0.000000 0.000000 1.000000
vn 0.000000 0.000000 1.000000
vn 0.000000 0.000000 1.000000
vn 0.000000 0.000000 1.000000
vn 0.000000 0.000000 1.000000
vn 0.000000 0.000000 1.000000
vn 0.000000 0.000000 1.000000
vn 0.000000 0.000000 1.000000
vn 0.000000 0.000000 1.000000
vn 0.000000 0.000000 1.000000
vn 0.000000 0.000000 1.000000
vn 0.000000 0.000000 1.000000
vn 0.000000 0.000000 1.000000
vn 0.000000 0.000000 1.000000
vn 0.000000 0.000000 1.000000
vn 0.000000 0.000000 1.000000
vn 0.000000 0.000000 1.000000
vn 0.000000 0.000000 1.000000
vn 0.000000 0.000000 1.000000
vn 0.000000 0.000000 1.000000
vn 0.000000 0.000000 1.000000
vn 0.000000 0.000000 1.000000
vn 0.000000 0.000000 1.000000
vn 0.000000 0.000000 1.000000
vn 0.000000 0.000000 1.000000
vn 0.000000 0.000000 1.000000
vn 0.000000 0.000000 1.000000
vn 0.000000 0.000000 1.000000
vn 0.000000 0.000000 1.000000
vn 0.000000 0.000000 1.000000
vn 0.000000 0.000000 1.000000
vn 0.000000 0.000000 1.000000
vn 0.000000 0.000000 1.000000
vn 0.000000 0.000000 1.000000
vn 0.000000 0.000000 1.000000
vn 0.000000 0.000000 1.000000
vn 0.000000 0.000000 1.000000
vn 0.000000 0.000000 1.000000
vn 0.000000 0.000000 1.000000
vn 0.000000 0.000000 1.000000
vn 0.000000 0.000000 1.000000
vn 0.000000 0.000000 1.000000
vn 0.000000 0.000000 1.000000
vn 0.000000 0.000000 1.000000
vn 0.000000 0.000000 1.000000
vn 0.000000 0.000000 1.000000
vn 0.000000 0.000000 1.000000
vn 0.000000 0.000000 1.000000
vn 0.000000 0.000000 1.000000
vn 0.000000 0.000000 1.000000
vn 0.000000 0.000000 1.000000
vn 0.000000 0.000000 1.000000
vn 0.000000 0.000000 1.000000
vn 0.000000 0.000000 1.000000
vn 0.000000 0.000000 1.000000
vn 0.000000 0.000000 1.000000
vn 0.000000 0.000000 1.000000
vn 0.000000 0.000000 1.000000
vn 0.000000 0.000000 1.000000
vn 0.000000 0.000000 1.000000
vn 0.000000 0.000000 1.000000
vn 0.000000 0.000000 1.000000
vn 0.000000 0.000000 1.000000
vn 0.000000 0.000000 1.000000
vn 0.000000 0.000000 1.000000
vn 0.000000 0.000000 1.000000
vn 0.000000 0.000000 1.000000
vn 0.000000 0.000000 1.000000
vn 0.000000 0.000000 1.000000
vn 0.000000 0.000000 1.000000
vn 0.000000 0.000000 1.000000
vn 0.000000 0.000000 1.000000
vn 0.000000 0.000000 1.000000
vn 0.000000 0.000000 1.000000
vn 0.000000 0.000000 1.000000
vn 0.000000 0.000000 1.000000
vn 0.000000 0.000000 1.000000
vn 0.000000 0.000000 1.000000
vn 0.000000 0.000000 1.000000
vn 0.000000 0.000000 1.000000
vn 0.000000 0.000000 1.000000
vn 0.000000 0.000000 1.000000
vn 0.000000 0.000000 1.000000
vn 0.000000 0.000000 1.000000
vn 0.000000 0.000000 1.000000
vn 0.000000 0.000000 1.000000
vn 0.000000 0.000000 1.000000
vn 0.000000 0.000000 1.000000
vn 0.000000 0.000000 1.000000
vn 0.000000 0.000000 1.000000
vn 0.000000 0.000000 1.000000
vn 0.000000 0.000000 1.000000
vn 0.000000 0.000000 1.000000
vn 0.000000 0.000000 1.000000
vn 0.000000 0.000000 1.000000
vn 0.000000 0.000000 1.000000
vn 0.000000 0.000000 1.000000
vn 0.000000 0.000000 1.000000
vn 0.000000 0.000000 1.000000
vn 0.000000 0.000000 1.000000
vn 0.000000 0.000000 1.000000
vn 0.000000 0.000000 1.000000
vn 0.000000 0.000000 1.000000
vn 0.000000 0.000000 1.000000
vn 0.000000 0.000000 1.000000
vn 0.000000 0.000000 1.000000
vn 0.000000 0.000000 1.000000
vn 0.000000 0.000000 -1.000000
vn 0.000000 0.000000 -1.000000
vn 0.000000 0.000000 -1.000000
vn 0.000000 0.000000 -1.000000
vn 0.000000 0.000000 -1.000000
vn 0.000000 0.000000 -1.000000
vn 0.000000 0.000000 -1.000000
vn 0.000000 0.000000 -1.000000
vn 0.000000 0.000000 -1.000000
vn 0.000000 0.000000 -1.000000
vn 0.000000 0.000000 -1.000000
vn 0.000000 0.000000 -1.000000
vn 0.000000 -1.000000 0.000000
vn 0.000000 -1.000000 0.000000
vn 0.000000 -1.000000 0.000000
vn 0.000000 -1.000000 0.000000
vn 0.000000 -1.000000 0.000000
vn 0.000000 -1.000000 0.000000
vn 0.000000 -1.000000 0.000000
vn 0.000000 -1.000000 0.000000
vn 0.000000 -1.000000 0.000000
vn 0.000000 -1.000000 0.000000
vn 0.000000 -1.000000 0.000000
vn 0.000000 -1.000000 0.000000
vn 0.000000 -1.000000 0.000000
vn 0.000000 -1.000000 0.000000
vn 0.000000 -1.000000 0.000000
vn 0.000000 -1.000000 0.000000
vn 0.000000 -1.000000 0.000000
vn 0.000000 -1.000000 0.000000
vn 0.000000 -1.000000 0.000000
vn 0.000000 -1.000000 0.000000
vn 0.000000 -1.000000 0.000000
vn 0.000000 -1.000000 0.000000
vn 0.000000 -1.000000 0.000000
vn 0.000000 -1.000000 0.000000
vn 0.000000 -1.000000 0.000000
vn 0.000000 -1.000000 0.000000
vn 0.000000 -1.000000 0.000000
vn 0.000000 -1.000000 0.000000
vn 0.000000 -1.000000 0.000000
vn 0.000000 -1.000000 0.000000
vn 0.000000 -1.000000 0.000000
vn 0.000000 -1.000000 0.000000
vn 0.000000 -1.000000 0.000000
vn 0.000000 -1.000000 0.000000
vn 0.000000 -1.000000 0.000000
vn 0.000000 -1.000000 0.000000
vn 0.000000 -1.000000 0.000000
vn 0.000000 -1.000000 0.000000
vn 0.000000 -1.000000 0.000000
vn 0.000000 -1.000000 0.000000
vn 0.000000 -1.000000 0.000000
vn 0.000000 -1.000000 0.000000
vn 0.000000 -1.000000 0.000000
vn 0.000000 -1.000000 0.000000
vn 0.000000 -1.000000 0.000000
vn 0.000000 -1.000000 0.000000
vn 0.000000 -1.000000 0.000000
vn 0.000000 -1.000000 0.000000
vn 0.000000 -1.000000 0.000000
vn 0.000000 -1.000000 0.000000
vn 0.000000 -1.000000 0.000000
vn 0.000000 -1.000000 0.000000
vn 0.000000 -1.000000 0.000000
vn 0.000000 -1.000000 0.000000
vn 0.000000 1.000000 0.000000
vn 0.000000 1.000000 0.000000
vn 0.000000 1.000000 0.000000
vn 0.000000 1.000000 0.000000
vn 0.000000 1.000000 0.000000
vn 0.000000 1.000000 0.000000
vn 0.000000 1.000000 0.000000
vn 0.000000 1.000000 0.000000
vn 0.000000 1.000000 0.000000
vn 0.000000 1.000000 0.000000
vn 0.000000 1.000000 0.000000
vn 0.000000 1.000000 0.000000
vn 0.000000 1.000000 0.000000
vn 0.000000 1.000000 0.000000
vn 0.000000 1.000000 0.000000
vn 0.000000 1.000000 0.000000
vn 0.000000 1.000000 0.000000
vn 0.000000 1.000000 0.000000
vn 0.000000 1.000000 0.000000
vn 0.000000 1.000000 0.000000
vn 0.000000 1.000000 0.000000
vn 0.000000 1.000000 0.000000
vn 0.000000 1.000000 0.000000
vn 0.000000 1.000000 0.000000
vn 0.000000 1.000000 0.000000
vn 0.000000 1.000000 0.000000
vn 0.000000 1.000000 0.000000
vn 0.000000 1.000000 0.000000
vn 0.000000 1.000000 0.000000
vn 0.000000 1.000000 0.000000
vn 0.000000 1.000000 0.000000
vn 0.000000 1.000000 0.000000
vn 0.000000 1.000000 0.000000
vn 0.000000 1.000000 0.000000
vn 0.000000 1.000000 0.000000
vn 0.000000 1.000000 0.000000
vn 0.000000 1.000000 0.000000
vn 0.000000 1.000000 0.000000
vn 0.000000 1.000000 0.000000
vn 0.000000 1.000000 0.000000
vn 0.000000 1.000000 0.000000
vn 0.000000 1.000000 0.000000
vn 0.000000 1.000000 0.000000
vn 0.000000 1.000000 0.000000
vn 0.000000 1.000000 0.000000
vn 0.000000 1.000000 0.000000
vn 0.000000 1.000000 0.000000
vn 0.000000 1.000000 0.000000
vn 0.000000 1.000000 0.000000
vn 0.000000 1.000000 0.000000
vn 0.000000 1.000000 0.000000
vn 0.000000 1.000000 0.000000
vn 0.000000 1.000000 0.000000
vn 0.000000 1.000000 0.000000
vn 0.000000 1.000000 0.000000
vn 0.000000 1.000000 0.000000
vn 0.000000 1.000000 0.000000
vn 0.000000 1.000000 0.000000
vn 0.000000 1.000000 0.000000
vn 0.000000 1.000000 0.000000
vn 0.000000 1.000000 0.000000
vn 0.000000 1.000000 0.000000
vn 0.000000 1.000000 0.000000
vn 0.000000 1.000000 0.000000
vn 0.000000 0.642817 0.766020
vn 0.000000 0.642817 0.766020
vn 0.000000 0.642817 0.766020
vn 0.000000 0.642817 0.766020
vn 0.000000 0.642817 0.766020
vn 0.000000 0.642817 0.766020
vn 0.000000 -0.642817 -0.766020
vn 0.000000 -0.642817 -0.766020
vn 0.000000 -0.642817 -0.766020
vn 0.000000 -0.642817 -0.766020
vn 1.000000 0.000000 0.000000
vn 1.000000 0.000000 0.000000
vn 1.000000 0.000000 0.000000
vn 1.000000 0.000000 0.000000
vn 1.000000 0.000000 0.000000
vn 1.000000 0.000000 0.000000
vn 1.000000 0.000000 0.000000
vn 1.000000 0.000000 0.000000
vn -1.000000 0.000000 0.000000
vn -1.000000 0.000000 0.000000
vn -1.000000 0.000000 0.000000
vn -1.000000 0.000000 0.000000
vn -1.000000 0.000000 0.000000
vn -1.000000 0.000000 0.000000
vn -1.000000 0.000000 0.000000
vn -1.000000 0.000000 0.000000
vn -1.000000 0.000000 0.000000
vn -1.000000 0.000000 0.000000
vn 0.000000 -0.766020 0.642817
vn 0.000000 -0.766020 0.642817
vn 0.000000 -0.766020 0.642817
vn 0.000000 -0.766020 0.642817
vn 0.000000 -0.766020 0.642817
vn 0.000000 -0.766020 0.642817
vn 0.000000 -0.766020 0.642817
vn 0.000000 -0.766020 0.642817
vn 0.000000 0.766020 -0.642817
vn 0.000000 0.766020 -0.642817
vn 0.000000 0.766020 -0.642817
vn 0.000000 0.766020 -0.642817
vn 0.000000 0.766020 -0.642817
vn 0.000000 0.766020 -0.642817
vn 0.000000 0.766020 -0.642817
vn 0.000000 0.766020 -0.642817
vn -0.642808 0.763109 -0.066801
vn -0.642808 0.763109 -0.066801
vn -0.642784 0.763132 -0.066767
vn -0.642789 0.763128 -0.066772
vn -0.642789 0.763128 -0.066772
vn -0.642785 0.763131 -0.066772
vn -0.642808 0.763109 -0.066801
vn 0.642785 -0.763131 0.066768
vn 0.642785 -0.763132 0.066768
vn 0.642785 -0.763132 0.066768
vn 0.642785 -0.763131 0.066769
vn 0.642808 -0.763109 0.066801
vn 0.642808 -0.763109 0.066801
vn 0.000004 0.087157 0.996195
vn 0.000003 0.087156 0.996195
vn -0.000000 0.087160 0.996194
vn 0.000001 0.087161 0.996194
vn 0.000004 0.087157 0.996195
vn 0.000000 -0.087199 -0.996191
vn -0.000001 -0.087159 -0.996194
vn 0.000000 -0.087160 -0.996194
vn 0.000001 -0.087159 -0.996194
vn -0.766048 -0.640340 0.056003
vn -0.766048 -0.640340 0.056003
vn -0.766043 -0.640343 0.056020
vn -0.766048 -0.640340 0.056003
vn -0.766048 -0.640340 0.056003
vn -0.766048 -0.640340 0.056003
vn -0.766048 -0.640340 0.056003
vn -0.766048 -0.640337 0.056028
vn 0.766045 0.640341 -0.056023
vn 0.766045 0.640341 -0.056024
vn 0.766046 0.640340 -0.056024
vn 0.766048 0.640340 -0.056003
vn 0.000000 0.087199 0.996191
vn 0.000000 0.087199 0.996191
vn 0.000000 0.087199 0.996191
vn 0.000000 0.087199 0.996191
vn 0.000000 0.087199 0.996191
vn 0.000000 0.087199 0.996191
vn 0.000000 -0.087199 -0.996191
vn 0.000000 -0.087199 -0.996191
vn 0.000000 -0.087199 -0.996191
vn 0.000000 -0.087199 -0.996191
vn 1.000000 0.000000 0.000000
vn 1.000000 0.000000 0.000000
vn 1.000000 0.000000 0.000000
vn 1.000000 0.000000 0.000000
vn 1.000000 0.000000 0.000000
vn 1.000000 0.000000 0.000000
vn -1.000000 0.000000 0.000000
vn -1.000000 0.000000 0.000000
vn -1.000000 0.000000 0.000000
vn -1.000000 0.000000 0.000000
vn 0.000000 -0.996191 0.087199
vn 0.000000 -0.996191 0.087199
vn 0.000000 -0.996191 0.087199
vn 0.000000 -0.996191 0.087199
vn 0.000000 0.996191 -0.087199
vn 0.000000 0.996191 -0.087199
vn 0.000000 0.996191 -0.087199
vn 0.000000 0.996191 -0.087199
vn -1.000000 0.000000 0.000000
vn -1.000000 0.000000 0.000000
vn -1.000000 0.000000 0.000000
vn -1.000000 0.000000 0.000000
vn -1.000000 0.000000 0.000000
vn -1.000000 0.000000 0.000000
vn 1.000000 0.000000 0.000000
vn 1.000000 0.000000 0.000000
vn 1.000000 0.000000 0.000000
vn 1.000000 0.000000 0.000000
vn 1.000000 0.000000 0.000000
vn 1.000000 0.000000 0.000000
vn 0.000000 1.000000 0.000000
vn 0.000000 1.000000 0.000000
vn 0.000000 1.000000 0.000000
vn 0.000000 1.000000 0.000000
vn 0.000000 1.000000 0.000000
vn 0.000000 1.000000 0.000000
vn 0.000000 -1.000000 0.000000
vn 0.000000 -1.000000 0.000000
vn 0.000000 -1.000000 0.000000
vn 0.000000 -1.000000 0.000000
vn 0.000000 0.000000 1.000000
vn 0.000000 0.000000 1.000000
vn 0.000000 0.000000 1.000000
vn 0.000000 0.000000 1.000000
vn 0.000000 0.000000 -1.000000
vn 0.000000 0.000000 -1.000000
vn 0.000000 0.000000 -1.000000
vn 0.000000 0.000000 -1.000000
vn -1.000000 0.000000 0.000000
vn -1.000000 0.000000 0.000000
vn -1.000000 0.000000 0.000000
vn -1.000000 0.000000 0.000000
vn -1.000000 0.000000 0.000000
vn -1.000000 0.000000 0.000000
vn -1.000000 0.000000 0.000000
vn -1.000000 0.000000 0.000000
vn -1.000000 0.000000 0.000000
vn -1.000000 0.000000 0.000000
vn -1.000000 0.000000 0.000000
vn -1.000000 0.000000 0.000000
vn -1.000000 0.000000 0.000000
vn -1.000000 0.000000 0.000000
vn -1.000000 0.000000 0.000000
vn -1.000000 0.000000 0.000000
vn -1.000000 0.000000 0.000000
vn -1.000000 0.000000 0.000000
vn -1.000000 0.000000 0.000000
vn -1.000000 0.000000 0.000000
vn -1.000000 0.000000 0.000000
vn -1.000000 0.000000 0.000000
vn -1.000000 0.000000 0.000000
vn -1.000000 0.000000 0.000000
vn -1.000000 0.000000 0.000000
vn -1.000000 0.000000 0.000000
vn -1.000000 0.000000 0.000000
vn -1.000000 0.000000 0.000000
vn -1.000000 0.000000 0.000000
vn -1.000000 0.000000 0.000000
vn -1.000000 0.000000 0.000000
vn -1.000000 0.000000 0.000000
vn -1.000000 0.000000 0.000000
vn -1.000000 0.000000 0.000000
vn -1.000000 0.000000 0.000000
vn -1.000000 0.000000 0.000000
vn -1.000000 0.000000 0.000000
vn -1.000000 0.000000 0.000000
vn -1.000000 0.000000 0.000000
vn -1.000000 0.000000 0.000000
vn 1.000000 0.000000 0.000000
vn 1.000000 0.000000 0.000000
vn 1.000000 0.000000 0.000000
vn 1.000000 0.000000 0.000000
vn 1.000000 0.000000 0.000000
vn 1.000000 0.000000 0.000000
vn 1.000000 0.000000 0.000000
vn 1.000000 0.000000 0.000000
vn 1.000000 0.000000 0.000000
vn 1.000000 0.000000 0.000000
vn 1.000000 0.000000 0.000000
vn 1.000000 0.000000 0.000000
vn 1.000000 0.000000 0.000000
vn 1.000000 0.000000 0.000000
vn 1.000000 0.000000 0.000000
vn 1.000000 0.000000 0.000000
vn 1.000000 0.000000 0.000000
vn 1.000000 0.000000 0.000000
vn 1.000000 0.000000 0.000000
vn 1.000000 0.000000 0.000000
vn 1.000000 0.000000 0.000000
vn 1.000000 0.000000 0.000000
vn 1.000000 0.000000 0.000000
vn 1.000000 0.000000 0.000000
vn 1.000000 0.000000 0.000000
vn 1.000000 0.000000 0.000000
vn 1.000000 0.000000 0.000000
vn 1.000000 0.000000 0.000000
vn 1.000000 0.000000 0.000000
vn 1.000000 0.000000 0.000000
vn 1.000000 0.000000 0.000000
vn 1.000000 0.000000 0.000000
vn 1.000000 0.000000 0.000000
vn 1.000000 0.000000 0.000000
vn 1.000000 0.000000 0.000000
vn 1.000000 0.000000 0.000000
vn 1.000000 0.000000 0.000000
vn 1.000000 0.000000 0.000000
vn 1.000000 0.000000 0.000000
vn 1.000000 0.000000 0.000000
vn 1.000000 0.000000 0.000000
vn 1.000000 0.000000 0.000000
vn 1.000000 0.000000 0.000000
vn 1.000000 0.000000 0.000000
vn 1.000000 0.000000 0.000000
vn 1.000000 0.000000 0.000000
vn 1.000000 0.000000 0.000000
vn 1.000000 0.000000 0.000000
vn 0.000000 0.087199 0.996191
vn 0.000000 0.087199 0.996191
vn 0.000000 0.087199 0.996191
vn 0.000000 0.087199 0.996191
vn 0.000000 0.087199 0.996191
vn 0.000000 0.087199 0.996191
vn 0.000000 0.087199 0.996191
vn 0.000000 0.087199 0.996191
vn 0.000000 0.087199 0.996191
vn 0.000000 0.087199 0.996191
vn 0.000000 0.087199 0.996191
vn 0.000000 0.087199 0.996191
vn 0.000000 0.087199 0.996191
vn 0.000000 0.087199 0.996191
vn 0.000000 0.087199 0.996191
vn 0.000000 0.087199 0.996191
vn 0.000000 0.087199 0.996191
vn 0.000000 0.087199 0.996191
vn 0.000000 0.087199 0.996191
vn 0.000000 0.087199 0.996191
vn 0.000000 0.087199 0.996191
vn 0.000000 0.087199 0.996191
vn 0.000000 0.087199 0.996191
vn 0.000000 0.087199 0.996191
vn 0.000000 0.087199 0.996191
vn 0.000000 0.087199 0.996191
vn 0.000000 0.087199 0.996191
vn 0.000000 0.087199 0.996191
vn 0.000000 0.087199 0.996191
vn 0.000000 0.087199 0.996191
vn 0.000000 0.087199 0.996191
vn 0.000000 0.087199 0.996191
vn 0.000000 0.087199 0.996191
vn 0.000000 0.087199 0.996191
vn 0.000000 0.087199 0.996191
vn 0.000000 0.087199 0.996191
vn 0.000000 0.087199 0.996191
vn 0.000000 0.087199 0.996191
vn 0.000000 0.087199 0.996191
vn 0.000000 0.087199 0.996191
vn 0.000000 0.087199 0.996191
vn 0.000000 0.087199 0.996191
vn 0.000000 0.087199 0.996191
vn 0.000000 0.087199 0.996191
vn 0.000000 0.087199 0.996191
vn 0.000000 0.087199 0.996191
vn 0.000000 0.087199 0.996191
vn 0.000000 0.087199 0.996191
vn 0.000000 0.087199 0.996191
vn 0.000000 0.087199 0.996191
vn 0.000000 0.087199 0.996191
vn 0.000000 0.087199 0.996191
vn 0.000000 0.087199 0.996191
vn 0.000000 0.087199 0.996191
vn 0.000000 0.087199 0.996191
vn 0.000000 0.087199 0.996191
vn 0.000000 0.087199 0.996191
vn 0.000000 0.087199 0.996191
vn 0.000000 0.087199 0.996191
vn 0.000000 0.087199 0.996191
vn 0.000000 0.087199 0.996191
vn 0.000000 0.087199 0.996191
vn 0.000000 0.087199 0.996191
vn 0.000000 0.087199 0.996191
vn 0.000000 0.087199 0.996191
vn 0.000000 0.087199 0.996191
vn 0.000000 0.087199 0.996191
vn 0.000000 0.087199 0.996191
vn 0.000000 0.087199 0.996191
vn 0.000000 0.087199 0.996191
vn 0.000000 0.087199 0.996191
vn 0.000000 0.087199 0.996191
vn 0.000000 0.087199 0.996191
vn 0.000000 0.087199 0.996191
vn 0.000000 0.087199 0.996191
vn 0.000000 0.087199 0.996191
vn 0.000000 0.087199 0.996191
vn 0.000000 0.087199 0.996191
vn 0.000000 0.087199 0.996191
vn 0.000000 0.087199 0.996191
vn 0.000000 0.087199 0.996191
vn 0.000000 0.087199 0.996191
vn 0.000000 0.087199 0.996191
vn 0.000000 0.087199 0.996191
vn 0.000000 0.087199 0.996191
vn 0.000000 0.087199 0.996191
vn 0.000000 0.087199 0.996191
vn 0.000000 0.087199 0.996191
vn 0.000000 0.087199 0.996191
vn 0.000000 0.087199 0.996191
vn 0.000000 0.087199 0.996191
vn 0.000000 0.087199 0.996191
vn 0.000000 0.087199 0.996191
vn 0.000000 0.087199 0.996191
vn 0.000000 0.087199 0.996191
vn 0.000000 0.087199 0.996191
vn 0.000000 0.087199 0.996191
vn 0.000000 0.087199 0.996191
vn 0.000000 0.087199 0.996191
vn 0.000000 0.087199 0.996191
vn 0.000000 0.087199 0.996191
vn 0.000000 0.087199 0.996191
vn 0.000000 0.087199 0.996191
vn 0.000000 0.087199 0.996191
vn 0.000000 0.087199 0.996191
vn 0.000000 0.087199 0.996191
vn 0.000000 0.087199 0.996191
vn 0.000000 0.087199 0.996191
vn 0.000000 0.087199 0.996191
vn 0.000000 0.087199 0.996191
vn 0.000000 0.087199 0.996191
vn 0.000000 0.087199 0.996191
vn 0.000000 0.087199 0.996191
vn 0.000000 0.087199 0.996191
vn 0.000000 0.087199 0.996191
vn 0.000000 0.087199 0.996191
vn 0.000000 0.087199 0.996191
vn 0.000000 0.087199 0.996191
vn 0.000000 0.087199 0.996191
vn 0.000000 0.087199 0.996191
vn 0.000000 0.087199 0.996191
vn 0.000000 0.087199 0.996191
vn 0.000000 0.087199 0.996191
vn 0.000000 0.087199 0.996191
vn 0.000000 0.087199 0.996191
vn 0.000000 0.087199 0.996191
vn 0.000000 0.087199 0.996191
vn 0.000000 0.087199 0.996191
vn 0.000000 0.087199 0.996191
vn 0.000000 0.087199 0.996191
vn 0.000000 0.087199 0.996191
vn 0.000000 0.087199 0.996191
vn 0.000000 0.087199 0.996191
vn 0.000000 0.087199 0.996191
vn 0.000000 0.087199 0.996191
vn 0.000000 0.087199 0.996191
vn 0.000000 0.087199 0.996191
vn 0.000000 0.087199 0.996191
vn 0.000000 0.087199 0.996191
vn 0.000000 0.087199 0.996191
vn 0.000000 0.087199 0.996191
vn 0.000000 0.087199 0.996191
vn 0.000000 0.087199 0.996191
vn 0.000000 0.087199 0.996191
vn 0.000000 0.087199 0.996191
vn 0.000000 0.087199 0.996191
vn 0.000000 0.087199 0.996191
vn 0.000000 0.087199 0.996191
vn 0.000000 0.087199 0.996191
vn 0.000000 0.087199 0.996191
vn 0.000000 0.087199 0.996191
vn 0.000000 0.087199 0.996191
vn 0.000000 0.087199 0.996191
vn 0.000000 0.087199 0.996191
vn 0.000000 0.087199 0.996191
vn 0.000000 0.087199 0.996191
vn 0.000000 0.087199 0.996191
vn 0.000000 0.087199 0.996191
vn 0.000000 0.087199 0.996191
vn 0.000000 0.087199 0.996191
vn 0.000000 0.087199 0.996191
vn 0.000000 0.087199 0.996191
vn 0.000000 0.087199 0.996191
vn 0.000000 0.087199 0.996191
vn 0.000000 0.087199 0.996191
vn 0.000000 0.087199 0.996191
vn 0.000000 0.087199 0.996191
vn 0.000000 0.087199 0.996191
vn 0.000000 0.087199 0.996191
vn 0.000000 0.087199 0.996191
vn 0.000000 0.087199 0.996191
vn 0.000000 0.087199 0.996191
vn 0.000000 0.087199 0.996191
vn 0.000000 0.087199 0.996191
vn 0.000000 0.087199 0.996191
vn 0.000000 0.087199 0.996191
vn 0.000000 0.087199 0.996191
vn 0.000000 0.087199 0.996191
vn 0.000000 0.087199 0.996191
vn 0.000000 0.087199 0.996191
vn 0.000000 0.087199 0.996191
vn 0.000000 0.087199 0.996191
vn 0.000000 0.087199 0.996191
vn 0.000000 0.087199 0.996191
vn 0.000000 0.087199 0.996191
vn 0.000000 0.087199 0.996191
vn 0.000000 0.087199 0.996191
vn 0.000000 0.087199 0.996191
vn 0.000000 0.087199 0.996191
vn 0.000000 0.087199 0.996191
vn 0.000000 0.087199 0.996191
vn 0.000000 0.087199 0.996191
vn 0.000000 0.087199 0.996191
vn 0.000000 0.087199 0.996191
vn 0.000000 0.087199 0.996191
vn 0.000000 0.087199 0.996191
vn 0.000000 0.087199 0.996191
vn 0.000000 0.087199 0.996191
vn 0.000000 -0.087199 -0.996191
vn 0.000000 -0.087199 -0.996191
vn 0.000000 -0.087199 -0.996191
vn 0.000000 -0.087199 -0.996191
vn 0.000000 -0.087199 -0.996191
vn 0.000000 -0.087199 -0.996191
vn 0.000000 -0.087199 -0.996191
vn 0.000000 -0.087199 -0.996191
vn 0.000000 -0.087199 -0.996191
vn 0.000000 -0.087199 -0.996191
vn 0.000000 -0.087199 -0.996191
vn 0.000000 -0.087199 -0.996191
vn 0.000000 -0.087199 -0.996191
vn 0.000000 -0.087199 -0.996191
vn 0.000000 -0.087199 -0.996191
vn 0.000000 -0.087199 -0.996191
vn 0.000000 -0.087199 -0.996191
vn 0.000000 -0.087199 -0.996191
vn 0.000000 -0.087199 -0.996191
vn 0.000000 -0.087199 -0.996191
vn 0.000000 -0.087199 -0.996191
vn 0.000000 -0.087199 -0.996191
vn 0.000000 -0.087199 -0.996191
vn 0.000000 -0.087199 -0.996191
vn 0.000000 -0.087199 -0.996191
vn 0.000000 -0.087199 -0.996191
vn 0.000000 -0.996191 0.087199
vn 0.000000 -0.996191 0.087199
vn 0.000000 -0.996191 0.087199
vn 0.000000 -0.996191 0.087199
vn 0.000000 -0.996191 0.087199
vn 0.000000 -0.996191 0.087199
vn 0.000000 -0.996191 0.087199
vn 0.000000 -0.996191 0.087199
vn 0.000000 -0.996191 0.087199
vn 0.000000 -0.996191 0.087199
vn 0.000000 -0.996191 0.087199
vn 0.000000 -0.996191 0.087199
vn 0.000000 -0.996191 0.087199
vn 0.000000 -0.996191 0.087199
vn 0.000000 -0.996191 0.087199
vn 0.000000 -0.996191 0.087199
vn 0.000000 -0.996191 0.087199
vn 0.000000 -0.996191 0.087199
vn 0.000000 -0.996191 0.087199
vn 0.000000 -0.996191 0.087199
vn 0.000000 -0.996191 0.087199
vn 0.000000 -0.996191 0.087199
vn 0.000000 -0.996191 0.087199
vn 0.000000 -0.996191 0.087199
vn 0.000000 -0.996191 0.087199
vn 0.000000 -0.996191 0.087199
vn 0.000000 -0.996191 0.087199
vn 0.000000 -0.996191 0.087199
vn 0.000000 -0.996191 0.087199
vn 0.000000 -0.996191 0.087199
vn 0.000000 -0.996191 0.087199
vn 0.000000 -0.996191 0.087199
vn 0.000000 -0.996191 0.087199
vn 0.000000 -0.996191 0.087199
vn 0.000000 -0.996191 0.087199
vn 0.000000 -0.996191 0.087199
vn 0.000000 -0.996191 0.087199
vn 0.000000 -0.996191 0.087199
vn 0.000000 -0.996191 0.087199
vn 0.000000 -0.996191 0.087199
vn 0.000000 -0.996191 0.087199
vn 0.000000 -0.996191 0.087199
vn 0.000000 -0.996191 0.087199
vn 0.000000 -0.996191 0.087199
vn 0.000000 -0.996191 0.087199
vn 0.000000 -0.996191 0.087199
vn 0.000000 -0.996191 0.087199
vn 0.000000 -0.996191 0.087199
vn 0.000000 -0.996191 0.087199
vn 0.000000 -0.996191 0.087199
vn 0.000000 -0.996191 0.087199
vn 0.000000 -0.996191 0.087199
vn 0.000000 -0.996191 0.087199
vn 0.000000 -0.996191 0.087199
vn 0.000000 -0.996191 0.087199
vn 0.000000 -0.996191 0.087199
vn 0.000000 -0.996191 0.087199
vn 0.000000 -0.996191 0.087199
vn 0.000000 -0.996191 0.087199
vn 0.000000 -0.996191 0.087199
vn 0.000000 -0.996200 0.087100
vn 0.000000 -0.996200 0.087100
vn 0.000000 -0.996200 0.087100
vn 0.000000 -0.996191 0.087199
vn 0.000000 -0.996191 0.087199
vn 0.000000 -0.996191 0.087199
vn 0.000000 -0.996191 0.087199
vn 0.000000 -0.996191 0.087199
vn 0.000000 -0.996191 0.087199
vn 0.000000 -0.996191 0.087199
vn 0.000000 -0.996191 0.087199
vn 0.000000 -0.996191 0.087199
vn 0.000000 -0.996191 0.087199
vn 0.000000 -0.996191 0.087199
vn 0.000000 -0.996191 0.087199
vn 0.000000 -0.996191 0.087199
vn 0.000000 -0.996191 0.087199
vn 0.000000 -0.996191 0.087199
vn 0.000000 -0.996191 0.087199
vn 0.000000 -0.996191 0.087199
vn 0.000000 -0.996191 0.087199
vn 0.000000 -0.996191 0.087199
vn 0.000000 -0.996191 0.087199
vn 0.000000 -0.996191 0.087199
vn 0.000000 -0.996191 0.087199
vn 0.000000 -0.996191 0.087199
vn 0.000000 -0.996191 0.087199
vn 0.000000 -0.996191 0.087199
vn 0.000000 -0.996191 0.087199
vn 0.000000 -0.996191 0.087199
vn 0.000000 -0.996191 0.087199
vn 0.000000 -0.996191 0.087199
vn 0.000000 -0.996191 0.087199
vn 0.000000 -0.996191 0.087199
vn 0.000000 -0.996191 0.087199
vn 0.000000 -0.996191 0.087199
vn 0.000000 -0.996191 0.087199
vn 0.000000 -0.996191 0.087199
vn 0.000000 -0.996191 0.087199
vn 0.000000 -0.996191 0.087199
vn 0.000000 -0.996191 0.087199
vn 0.000000 -0.996191 0.087199
vn 0.000000 0.996191 -0.087199
vn 0.000000 0.996191 -0.087199
vn 0.000000 0.996191 -0.087199
vn 0.000000 0.996191 -0.087199
vn 0.000000 0.996191 -0.087199
vn 0.000000 0.996191 -0.087199
vn 0.000000 0.996191 -0.087199
vn 0.000000 0.996191 -0.087199
vn 0.000000 0.996191 -0.087199
vn 0.000000 0.996191 -0.087199
vn 0.000000 0.996191 -0.087199
vn 0.000000 0.996191 -0.087199
vn 0.000000 0.996191 -0.087199
vn 0.000000 0.996191 -0.087199
vn 0.000000 0.996191 -0.087199
vn 0.000000 0.996191 -0.087199
vn 0.000000 0.996191 -0.087199
vn 0.000000 0.996191 -0.087199
vn 0.000000 0.996191 -0.087199
vn 0.000000 0.996191 -0.087199
vn 0.000000 0.996191 -0.087199
vn 0.000000 0.996191 -0.087199
vn 0.000000 0.996191 -0.087199
vn 0.000000 0.996191 -0.087199
vn 0.000000 0.996191 -0.087199
vn 0.000000 0.996191 -0.087199
vn 0.000000 0.996191 -0.087199
vn 0.000000 0.996191 -0.087199
vn 0.000000 0.996191 -0.087199
vn 0.000000 0.996191 -0.087199
vn 0.000000 0.996191 -0.087199
vn 0.000000 0.996191 -0.087199
vn 0.000000 0.996191 -0.087199
vn 0.000000 0.996191 -0.087199
vn 0.000000 0.996191 -0.087199
vn 0.000000 0.996191 -0.087199
vn 0.000000 0.996191 -0.087199
vn 0.000000 0.996191 -0.087199
vn 0.000000 0.996191 -0.087199
vn 0.000000 0.996191 -0.087199
vn 0.173595 0.981073 -0.085798
vn 0.173595 0.981073 -0.085798
vn 0.173595 0.981073 -0.085798
vn 0.173595 0.981073 -0.085798
vn -0.173595 -0.981073 0.085798
vn -0.173595 -0.981073 0.085798
vn -0.173595 -0.981073 0.085798
vn -0.173595 -0.981073 0.085798
vn -0.173595 -0.981073 0.085798
vn -0.173595 -0.981073 0.085798
vn 0.000000 0.087199 0.996191
vn 0.000000 0.087199 0.996191
vn 0.000000 0.087199 0.996191
vn 0.000000 0.087199 0.996191
vn 0.000000 0.087199 0.996191
vn 0.000000 0.087199 0.996191
vn 0.000000 0.087199 0.996191
vn 0.000000 0.087199 0.996191
vn 0.000000 -0.087199 -0.996191
vn 0.000000 -0.087199 -0.996191
vn 0.000000 -0.087199 -0.996191
vn 0.000000 -0.087199 -0.996191
vn 0.000000 -0.087199 -0.996191
vn 0.000000 -0.087199 -0.996191
vn 0.000000 -0.087199 -0.996191
vn 0.000000 -0.087199 -0.996191
vn -0.984806 0.173001 -0.015100
vn -0.984806 0.173001 -0.015100
vn -0.984806 0.173001 -0.015100
vn -0.984806 0.173001 -0.015100
vn -0.984806 0.173001 -0.015100
vn -0.984806 0.173001 -0.015100
vn -0.984806 0.173001 -0.015100
vn -0.984806 0.173001 -0.015100
vn -0.984806 0.173001 -0.015100
vn -0.984806 0.173001 -0.015100
vn -0.984806 0.173001 -0.015100
vn -0.984806 0.173001 -0.015100
vn 0.984806 -0.173001 0.015100
vn 0.984806 -0.173001 0.015100
vn 0.984806 -0.173001 0.015100
vn 0.984806 -0.173001 0.015100
vn 0.984806 -0.173001 0.015100
vn 0.984806 -0.173001 0.015100
vn 0.984806 -0.173001 0.015100
vn 0.984806 -0.173001 0.015100
vn -0.939700 0.029800 0.340700
vn -0.939700 0.029800 0.340700
vn -0.939700 0.029800 0.340700
vn -0.939700 0.029800 0.340700
vn -0.939700 0.029800 0.340700
vn -0.939700 0.029800 0.340700
vn -0.939700 0.029800 0.340700
vn -0.939700 0.029800 0.340700
vn -0.939700 0.029800 0.340700
vn -0.939700 0.029800 0.340700
vn -0.939700 0.029800 0.340700
vn -0.939700 0.029800 0.340700
vn -0.939700 0.029800 0.340700
vn -0.939700 0.029800 0.340700
vn -0.939700 0.029800 0.340700
vn -0.939700 0.029800 0.340700
vn -0.939700 0.029800 0.340700
vn -0.939700 0.029800 0.340700
vn -0.939700 0.029800 0.340700
vn -0.939700 0.029800 0.340700
vn -0.939700 0.029800 0.340700
vn -0.939700 0.029800 0.340700
vn -0.939700 0.029800 0.340700
vn -0.939700 0.029800 0.340700
vn -0.939700 0.029800 0.340700
vn -0.939700 0.029800 0.340700
vn -0.939700 0.029800 0.340700
vn -0.939700 0.029800 0.340700
vn -0.939700 0.029800 0.340700
vn -0.939700 0.029800 0.340700
vn -0.939700 0.029800 0.340700
vn -0.939700 0.029800 0.340700
vn -0.939700 0.029800 0.340700
vn -0.939700 0.029800 0.340700
vn -0.939700 0.029800 0.340700
vn -0.939700 0.029800 0.340700
vn -0.939700 0.029800 0.340700
vn -0.939700 0.029800 0.340700
vn -0.939700 0.029800 0.340700
vn -0.939700 0.029800 0.340700
vn -0.939700 0.029800 0.340700
vn -0.939700 0.029800 0.340700
vn -0.939700 0.029800 0.340700
vn -0.939700 0.029800 0.340700
vn -0.939700 0.029800 0.340700
vn -0.939700 0.029800 0.340700
vn -0.939700 0.029800 0.340700
vn -0.939700 0.029800 0.340700
vn -0.939700 0.029800 0.340700
vn -0.939700 0.029800 0.340700
vn -0.939700 0.029800 0.340700
vn -0.939700 0.029800 0.340700
vn -0.939700 0.029800 0.340700
vn -0.939700 0.029800 0.340700
vn -0.939700 0.029800 0.340700
vn -0.939700 0.029800 0.340700
vn -0.939700 0.029800 0.340700
vn -0.939700 0.029800 0.340700
vn -0.939700 0.029800 0.340700
vn -0.939700 0.029800 0.340700
vn -0.939700 0.029800 0.340700
vn -0.939700 0.029800 0.340700
vn -0.939700 0.029800 0.340700
vn -0.939700 0.029800 0.340700
vn -0.939700 0.029800 0.340700
vn -0.939700 0.029800 0.340700
vn -0.939700 0.029800 0.340700
vn -0.939700 0.029800 0.340700
vn -0.939700 0.029800 0.340700
vn -0.939700 0.029800 0.340700
vn -0.939700 0.029800 0.340700
vn -0.939700 0.029800 0.340700
vn -0.939700 0.029800 0.340700
vn -0.939700 0.029800 0.340700
vn -0.939700 0.029800 0.340700
vn -0.939700 0.029800 0.340700
vn -0.939700 0.029800 0.340700
vn -0.939700 0.029800 0.340700
vn -0.939700 0.029800 0.340700
vn -0.939700 0.029800 0.340700
vn -0.939700 0.029800 0.340700
vn -0.939700 0.029800 0.340700
vn -0.939700 0.029800 0.340700
vn -0.939700 0.029800 0.340700
vn -0.939700 0.029800 0.340700
vn -0.939700 0.029800 0.340700
vn -0.939700 0.029800 0.340700
vn -0.939700 0.029800 0.340700
vn -0.939700 0.029800 0.340700
vn -0.939700 0.029800 0.340700
vn 0.939700 -0.029800 -0.340700
vn 0.939700 -0.029800 -0.340700
vn 0.939700 -0.029800 -0.340700
vn 0.939700 -0.029800 -0.340700
vn 0.939700 -0.029800 -0.340700
vn 0.939700 -0.029800 -0.340700
vn 0.939700 -0.029800 -0.340700
vn 0.939700 -0.029800 -0.340700
vn 0.939700 -0.029800 -0.340700
vn 0.939700 -0.029800 -0.340700
vn 0.939700 -0.029800 -0.340700
vn 0.939700 -0.029800 -0.340700
vn 0.939700 -0.029800 -0.340700
vn 0.939700 -0.029800 -0.340700
vn 0.939700 -0.029800 -0.340700
vn 0.939700 -0.029800 -0.340700
vn 0.939700 -0.029800 -0.340700
vn 0.939700 -0.029800 -0.340700
vn 0.939700 -0.029800 -0.340700
vn 0.939700 -0.029800 -0.340700
vn 0.939700 -0.029800 -0.340700
vn 0.939700 -0.029800 -0.340700
vn 0.939700 -0.029800 -0.340700
vn 0.939700 -0.029800 -0.340700
vn 0.939700 -0.029800 -0.340700
vn 0.939700 -0.029800 -0.340700
vn 0.939700 -0.029800 -0.340700
vn 0.939700 -0.029800 -0.340700
vn 0.939700 -0.029800 -0.340700
vn 0.939700 -0.029800 -0.340700
vn 0.939700 -0.029800 -0.340700
vn 0.939700 -0.029800 -0.340700
vn 0.939700 -0.029800 -0.340700
vn 0.939700 -0.029800 -0.340700
vn 0.939700 -0.029800 -0.340700
vn 0.939700 -0.029800 -0.340700
vn 0.939700 -0.029800 -0.340700
vn 0.939700 -0.029800 -0.340700
vn 0.939700 -0.029800 -0.340700
vn 0.939700 -0.029800 -0.340700
vn 0.939700 -0.029800 -0.340700
vn 0.939700 -0.029800 -0.340700
vn 0.939700 -0.029800 -0.340700
vn 0.939700 -0.029800 -0.340700
vn 0.939700 -0.029800 -0.340700
vn 0.939700 -0.029800 -0.340700
vn 0.939700 -0.029800 -0.340700
vn 0.939700 -0.029800 -0.340700
vn 0.939700 -0.029800 -0.340700
vn 0.939700 -0.029800 -0.340700
vn 0.939700 -0.029800 -0.340700
vn 0.939700 -0.029800 -0.340700
vn 0.939700 -0.029800 -0.340700
vn 0.939700 -0.029800 -0.340700
vn 0.939700 -0.029800 -0.340700
vn 0.939700 -0.029800 -0.340700
vn 0.939700 -0.029800 -0.340700
vn 0.939700 -0.029800 -0.340700
vn 0.939700 -0.029800 -0.340700
vn 0.939700 -0.029800 -0.340700
vn 0.939700 -0.029800 -0.340700
vn 0.939700 -0.029800 -0.340700
vn 0.939700 -0.029800 -0.340700
vn 0.939700 -0.029800 -0.340700
vn 0.939700 -0.029800 -0.340700
vn 0.939700 -0.029800 -0.340700
vn 0.939700 -0.029800 -0.340700
vn 0.939700 -0.029800 -0.340700
vn 0.939700 -0.029800 -0.340700
vn 0.939700 -0.029800 -0.340700
vn 0.939700 -0.029800 -0.340700
vn 0.939700 -0.029800 -0.340700
vn 0.939700 -0.029800 -0.340700
vn 0.939700 -0.029800 -0.340700
vn 0.939700 -0.029800 -0.340700
vn 0.939700 -0.029800 -0.340700
vn 0.939700 -0.029800 -0.340700
vn 0.939700 -0.029800 -0.340700
vn 0.939700 -0.029800 -0.340700
vn 0.939700 -0.029800 -0.340700
vn 0.939700 -0.029800 -0.340700
vn 0.939700 -0.029800 -0.340700
vn 0.939700 -0.029800 -0.340700
vn 0.939700 -0.029800 -0.340700
vn 0.939700 -0.029800 -0.340700
vn 0.939700 -0.029800 -0.340700
vn 0.939700 -0.029800 -0.340700
vn 0.939700 -0.029800 -0.340700
vn 0.939700 -0.029800 -0.340700
vn 0.939700 -0.029800 -0.340700
vn 0.336794 0.253596 0.906785
vn 0.336794 0.253596 0.906785
vn 0.336794 0.253596 0.906785
vn 0.336794 0.253596 0.906785
vn 0.336794 0.253596 0.906785
vn 0.336794 0.253596 0.906785
vn 0.336794 0.253596 0.906785
vn 0.336794 0.253596 0.906785
vn 0.336794 0.253596 0.906785
vn 0.336794 0.253596 0.906785
vn 0.336794 0.253596 0.906785
vn 0.336794 0.253596 0.906785
vn 0.336794 0.253596 0.906785
vn 0.336794 0.253596 0.906785
vn 0.336794 0.253596 0.906785
vn 0.336794 0.253596 0.906785
vn 0.336794 0.253596 0.906785
vn 0.336794 0.253596 0.906785
vn 0.336794 0.253596 0.906785
vn 0.336794 0.253596 0.906785
vn 0.336794 0.253596 0.906785
vn 0.336794 0.253596 0.906785
vn 0.336794 0.253596 0.906785
vn 0.336794 0.253596 0.906785
vn 0.336794 0.253596 0.906785
vn 0.336794 0.253596 0.906785
vn 0.336794 0.253596 0.906785
vn 0.336794 0.253596 0.906785
vn 0.336794 0.253596 0.906785
vn 0.336794 0.253596 0.906785
vn 0.336794 0.253596 0.906785
vn 0.336794 0.253596 0.906785
vn 0.336794 0.253596 0.906785
vn 0.336794 0.253596 0.906785
vn 0.336794 0.253596 0.906785
vn 0.336794 0.253596 0.906785
vn 0.336794 0.253596 0.906785
vn 0.336794 0.253596 0.906785
vn 0.336794 0.253596 0.906785
vn 0.336794 0.253596 0.906785
vn 0.336794 0.253596 0.906785
vn 0.336794 0.253596 0.906785
vn 0.336794 0.253596 0.906785
vn 0.336794 0.253596 0.906785
vn 0.336794 0.253596 0.906785
vn 0.336794 0.253596 0.906785
vn 0.336794 0.253596 0.906785
vn 0.336794 0.253596 0.906785
vn 0.336794 0.253596 0.906785
vn 0.336794 0.253596 0.906785
vn 0.336794 0.253596 0.906785
vn 0.336794 0.253596 0.906785
vn 0.336794 0.253596 0.906785
vn 0.336794 0.253596 0.906785
vn 0.336794 0.253596 0.906785
vn 0.336794 0.253596 0.906785
vn 0.336794 0.253596 0.906785
vn 0.336794 0.253596 0.906785
vn 0.336794 0.253596 0.906785
vn 0.336794 0.253596 0.906785
vn 0.336794 0.253596 0.906785
vn 0.336794 0.253596 0.906785
vn 0.336794 0.253596 0.906785
vn 0.336794 0.253596 0.906785
vn 0.336794 0.253596 0.906785
vn 0.336794 0.253596 0.906785
vn 0.336794 0.253596 0.906785
vn 0.336794 0.253596 0.906785
vn 0.336794 0.253596 0.906785
vn 0.336794 0.253596 0.906785
vn 0.336794 0.253596 0.906785
vn 0.336794 0.253596 0.906785
vn 0.336794 0.253596 0.906785
vn 0.336794 0.253596 0.906785
vn 0.336794 0.253596 0.906785
vn 0.336794 0.253596 0.906785
vn 0.336794 0.253596 0.906785
vn 0.336794 0.253596 0.906785
vn 0.336794 0.253596 0.906785
vn 0.336794 0.253596 0.906785
vn 0.336794 0.253596 0.906785
vn 0.336794 0.253596 0.906785
vn 0.336794 0.253596 0.906785
vn 0.336794 0.253596 0.906785
vn 0.336794 0.253596 0.906785
vn 0.336794 0.253596 0.906785
vn 0.336794 0.253596 0.906785
vn 0.336794 0.253596 0.906785
vn 0.336794 0.253596 0.906785
vn 0.336794 0.253596 0.906785
vn 0.336794 0.253596 0.906785
vn 0.336794 0.253596 0.906785
vn 0.336794 0.253596 0.906785
vn 0.336794 0.253596 0.906785
vn 0.336794 0.253596 0.906785
vn 0.336794 0.253596 0.906785
vn 0.336794 0.253596 0.906785
vn 0.336794 0.253596 0.906785
vn 0.336794 0.253596 0.906785
vn 0.336794 0.253596 0.906785
vn 0.336794 0.253596 0.906785
vn 0.336794 0.253596 0.906785
vn 0.336794 0.253596 0.906785
vn 0.336794 0.253596 0.906785
vn 0.336794 0.253596 0.906785
vn 0.336794 0.253596 0.906785
vn 0.336794 0.253596 0.906785
vn 0.336794 0.253596 0.906785
vn 0.336794 0.253596 0.906785
vn 0.336794 0.253596 0.906785
vn 0.336794 0.253596 0.906785
vn 0.336794 0.253596 0.906785
vn 0.336794 0.253596 0.906785
vn 0.336794 0.253596 0.906785
vn 0.336794 0.253596 0.906785
vn 0.336794 0.253596 0.906785
vn 0.336794 0.253596 0.906785
vn 0.336794 0.253596 0.906785
vn 0.336794 0.253596 0.906785
vn 0.336794 0.253596 0.906785
vn 0.336794 0.253596 0.906785
vn 0.336794 0.253596 0.906785
vn 0.336794 0.253596 0.906785
vn 0.336794 0.253596 0.906785
vn 0.336794 0.253596 0.906785
vn 0.336794 0.253596 0.906785
vn 0.336794 0.253596 0.906785
vn 0.336794 0.253596 0.906785
vn 0.336794 0.253596 0.906785
vn 0.336794 0.253596 0.906785
vn 0.336794 0.253596 0.906785
vn 0.336794 0.253596 0.906785
vn 0.336794 0.253596 0.906785
vn 0.336794 0.253596 0.906785
vn 0.336794 0.253596 0.906785
vn 0.336794 0.253596 0.906785
vn 0.336794 0.253596 0.906785
vn 0.336794 0.253596 0.906785
vn 0.336794 0.253596 0.906785
vn 0.336794 0.253596 0.906785
vn 0.336794 0.253596 0.906785
vn 0.336794 0.253596 0.906785
vn 0.336794 0.253596 0.906785
vn 0.336794 0.253596 0.906785
vn 0.336794 0.253596 0.906785
vn 0.336794 0.253596 0.906785
vn 0.336794 0.253596 0.906785
vn 0.336794 0.253596 0.906785
vn 0.336794 0.253596 0.906785
vn 0.336794 0.253596 0.906785
vn 0.336794 0.253596 0.906785
vn 0.336794 0.253596 0.906785
vn 0.336794 0.253596 0.906785
vn 0.336794 0.253596 0.906785
vn 0.336794 0.253596 0.906785
vn 0.336794 0.253596 0.906785
vn 0.336794 0.253596 0.906785
vn 0.336794 0.253596 0.906785
vn 0.336794 0.253596 0.906785
vn 0.336794 0.253596 0.906785
vn 0.336794 0.253596 0.906785
vn 0.336794 0.253596 0.906785
vn 0.336794 0.253596 0.906785
vn 0.336794 0.253596 0.906785
vn 0.336794 0.253596 0.906785
vn 0.336794 0.253596 0.906785
vn 0.336794 0.253596 0.906785
vn 0.336794 0.253596 0.906785
vn 0.336794 0.253596 0.906785
vn 0.336794 0.253596 0.906785
vn 0.336794 0.253596 0.906785
vn 0.336794 0.253596 0.906785
vn 0.336794 0.253596 0.906785
vn 0.336794 0.253596 0.906785
vn 0.336794 0.253596 0.906785
vn 0.336794 0.253596 0.906785
vn 0.336794 0.253596 0.906785
vn 0.336794 0.253596 0.906785
vn 0.336794 0.253596 0.906785
vn 0.336794 0.253596 0.906785
vn 0.336794 0.253596 0.906785
vn 0.336794 0.253596 0.906785
vn 0.336794 0.253596 0.906785
vn 0.336794 0.253596 0.906785
vn 0.336794 0.253596 0.906785
vn 0.336794 0.253596 0.906785
vn 0.336794 0.253596 0.906785
vn 0.336794 0.253596 0.906785
vn 0.336794 0.253596 0.906785
vn 0.336794 0.253596 0.906785
vn 0.336794 0.253596 0.906785
vn 0.336794 0.253596 0.906785
vn 0.336794 0.253596 0.906785
vn 0.336794 0.253596 0.906785
vn 0.336794 0.253596 0.906785
vn 0.336794 0.253596 0.906785
vn 0.336794 0.253596 0.906785
vn 0.336794 0.253596 0.906785
vn 0.336794 0.253596 0.906785
vn 0.336794 0.253596 0.906785
vn 0.336794 0.253596 0.906785
vn 0.336794 0.253596 0.906785
vn 0.336794 0.253596 0.906785
vn 0.336794 0.253596 0.906785
vn 0.336794 0.253596 0.906785
vn 0.336794 0.253596 0.906785
vn 0.336794 0.253596 0.906785
vn 0.336794 0.253596 0.906785
vn 0.336794 0.253596 0.906785
vn 0.336794 0.253596 0.906785
vn 0.336794 0.253596 0.906785
vn 0.336794 0.253596 0.906785
vn 0.336794 0.253596 0.906785
vn 0.336794 0.253596 0.906785
vn 0.336794 0.253596 0.906785
vn 0.336794 0.253596 0.906785
vn 0.336794 0.253596 0.906785
vn 0.336794 0.253596 0.906785
vn 0.336794 0.253596 0.906785
vn 0.336794 0.253596 0.906785
vn 0.336794 0.253596 0.906785
vn 0.336794 0.253596 0.906785
vn 0.336794 0.253596 0.906785
vn 0.336794 0.253596 0.906785
vn 0.336794 0.253596 0.906785
vn 0.336794 0.253596 0.906785
vn 0.336794 0.253596 0.906785
vn 0.336794 0.253596 0.906785
vn 0.336794 0.253596 0.906785
vn 0.336794 0.253596 0.906785
vn 0.336794 0.253596 0.906785
vn 0.336794 0.253596 0.906785
vn 0.336794 0.253596 0.906785
vn 0.336794 0.253596 0.906785
vn 0.336794 0.253596 0.906785
vn 0.336794 0.253596 0.906785
vn 0.336794 0.253596 0.906785
vn 0.336794 0.253596 0.906785
vn 0.336794 0.253596 0.906785
vn 0.336794 0.253596 0.906785
vn 0.336794 0.253596 0.906785
vn 0.336794 0.253596 0.906785
vn -0.336794 -0.253596 -0.906785
vn -0.336794 -0.253596 -0.906785
vn -0.336794 -0.253596 -0.906785
vn -0.336794 -0.253596 -0.906785
vn -0.336794 -0.253596 -0.906785
vn -0.336794 -0.253596 -0.906785
vn -0.336794 -0.253596 -0.906785
vn -0.336794 -0.253596 -0.906785
vn -0.336794 -0.253596 -0.906785
vn -0.336794 -0.253596 -0.906785
vn -0.336794 -0.253596 -0.906785
vn -0.336794 -0.253596 -0.906785
vn -0.336794 -0.253596 -0.906785
vn -0.336794 -0.253596 -0.906785
vn -0.336794 -0.253596 -0.906785
vn -0.336794 -0.253596 -0.906785
vn -0.336794 -0.253596 -0.906785
vn -0.336794 -0.253596 -0.906785
vn -0.336794 -0.253596 -0.906785
vn -0.336794 -0.253596 -0.906785
vn -0.336794 -0.253596 -0.906785
vn -0.336794 -0.253596 -0.906785
vn -0.336794 -0.253596 -0.906785
vn -0.336794 -0.253596 -0.906785
vn -0.336794 -0.253596 -0.906785
vn -0.336794 -0.253596 -0.906785
vn -0.336794 -0.253596 -0.906785
vn -0.336794 -0.253596 -0.906785
vn -0.336794 -0.253596 -0.906785
vn -0.336794 -0.253596 -0.906785
vn -0.336794 -0.253596 -0.906785
vn -0.336794 -0.253596 -0.906785
vn -0.336794 -0.253596 -0.906785
vn -0.336794 -0.253596 -0.906785
vn -0.336794 -0.253596 -0.906785
vn -0.336794 -0.253596 -0.906785
vn -0.336794 -0.253596 -0.906785
vn -0.336794 -0.253596 -0.906785
vn -0.336794 -0.253596 -0.906785
vn -0.336794 -0.253596 -0.906785
vn -0.336794 -0.253596 -0.906785
vn -0.336794 -0.253596 -0.906785
vn -0.336794 -0.253596 -0.906785
vn -0.336794 -0.253596 -0.906785
vn -0.336794 -0.253596 -0.906785
vn -0.336794 -0.253596 -0.906785
vn -0.336794 -0.253596 -0.906785
vn -0.336794 -0.253596 -0.906785
vn -0.336794 -0.253596 -0.906785
vn -0.336794 -0.253596 -0.906785
vn -0.336794 -0.253596 -0.906785
vn -0.336794 -0.253596 -0.906785
vn -0.336794 -0.253596 -0.906785
vn -0.336794 -0.253596 -0.906785
vn 0.059402 -0.966832 0.248408
vn 0.059402 -0.966832 0.248408
vn 0.059402 -0.966832 0.248408
vn 0.059402 -0.966832 0.248408
vn 0.059402 -0.966832 0.248408
vn 0.059402 -0.966832 0.248408
vn 0.059402 -0.966832 0.248408
vn 0.059402 -0.966832 0.248408
vn 0.059402 -0.966832 0.248408
vn 0.059402 -0.966832 0.248408
vn 0.059402 -0.966832 0.248408
vn 0.059402 -0.966832 0.248408
vn 0.059402 -0.966832 0.248408
vn 0.059402 -0.966832 0.248408
vn 0.059402 -0.966832 0.248408
vn 0.059402 -0.966832 0.248408
vn 0.059402 -0.966832 0.248408
vn 0.059402 -0.966832 0.248408
vn 0.059402 -0.966832 0.248408
vn 0.059402 -0.966832 0.248408
vn 0.059402 -0.966832 0.248408
vn 0.059402 -0.966832 0.248408
vn 0.059402 -0.966832 0.248408
vn 0.059402 -0.966832 0.248408
vn 0.059402 -0.966832 0.248408
vn 0.059402 -0.966832 0.248408
vn 0.059402 -0.966832 0.248408
vn 0.059402 -0.966832 0.248408
vn 0.059402 -0.966832 0.248408
vn 0.059402 -0.966832 0.248408
vn 0.059402 -0.966832 0.248408
vn 0.059402 -0.966832 0.248408
vn 0.059402 -0.966832 0.248408
vn 0.059402 -0.966832 0.248408
vn 0.059402 -0.966832 0.248408
vn 0.059402 -0.966832 0.248408
vn 0.059402 -0.966832 0.248408
vn 0.059402 -0.966832 0.248408
vn 0.059402 -0.966832 0.248408
vn 0.059402 -0.966832 0.248408
vn 0.059402 -0.966832 0.248408
vn 0.059402 -0.966832 0.248408
vn 0.059402 -0.966832 0.248408
vn 0.059402 -0.966832 0.248408
vn 0.059402 -0.966832 0.248408
vn 0.059402 -0.966832 0.248408
vn 0.059402 -0.966832 0.248408
vn 0.059402 -0.966832 0.248408
vn 0.059402 -0.966832 0.248408
vn 0.059402 -0.966832 0.248408
vn 0.059402 -0.966832 0.248408
vn 0.059402 -0.966832 0.248408
vn 0.059402 -0.966832 0.248408
vn 0.059402 -0.966832 0.248408
vn 0.059402 -0.966832 0.248408
vn 0.059402 -0.966832 0.248408
vn 0.059402 -0.966832 0.248408
vn 0.059402 -0.966832 0.248408
vn 0.059402 -0.966832 0.248408
vn 0.059402 -0.966832 0.248408
vn 0.059402 -0.966832 0.248408
vn 0.059402 -0.966832 0.248408
vn 0.059402 -0.966832 0.248408
vn 0.059402 -0.966832 0.248408
vn 0.059402 -0.966832 0.248408
vn 0.059402 -0.966832 0.248408
vn 0.059402 -0.966832 0.248408
vn 0.059402 -0.966832 0.248408
vn 0.059402 -0.966832 0.248408
vn 0.059402 -0.966832 0.248408
vn 0.059402 -0.966832 0.248408
vn 0.059402 -0.966832 0.248408
vn 0.059402 -0.966832 0.248408
vn 0.059402 -0.966832 0.248408
vn 0.059402 -0.966832 0.248408
vn 0.059402 -0.966832 0.248408
vn 0.059402 -0.966832 0.248408
vn 0.059402 -0.966832 0.248408
vn 0.059402 -0.966832 0.248408
vn 0.059402 -0.966832 0.248408
vn 0.059402 -0.966832 0.248408
vn 0.059402 -0.966832 0.248408
vn 0.059402 -0.966832 0.248408
vn 0.059402 -0.966832 0.248408
vn 0.059402 -0.966832 0.248408
vn 0.059402 -0.966832 0.248408
vn 0.059402 -0.966832 0.248408
vn 0.059402 -0.966832 0.248408
vn 0.059402 -0.966832 0.248408
vn 0.059402 -0.966832 0.248408
vn 0.059402 -0.966832 0.248408
vn 0.059402 -0.966832 0.248408
vn 0.059402 -0.966832 0.248408
vn 0.059402 -0.966832 0.248408
vn 0.059402 -0.966832 0.248408
vn 0.059402 -0.966832 0.248408
vn 0.059402 -0.966832 0.248408
vn 0.059402 -0.966832 0.248408
vn 0.059402 -0.966832 0.248408
vn 0.059402 -0.966832 0.248408
vn -0.059402 0.966832 -0.248408
vn -0.059402 0.966832 -0.248408
vn -0.059402 0.966832 -0.248408
vn -0.059402 0.966832 -0.248408
vn -0.059402 0.966832 -0.248408
vn -0.059402 0.966832 -0.248408
vn -0.059402 0.966832 -0.248408
vn -0.059402 0.966832 -0.248408
vn -0.059402 0.966832 -0.248408
vn -0.059402 0.966832 -0.248408
vn -0.059402 0.966832 -0.248408
vn -0.059402 0.966832 -0.248408
vn -0.059402 0.966832 -0.248408
vn -0.059402 0.966832 -0.248408
vn -0.059402 0.966832 -0.248408
vn -0.059402 0.966832 -0.248408
vn -0.059402 0.966832 -0.248408
vn -0.059402 0.966832 -0.248408
vn -0.059402 0.966832 -0.248408
vn -0.059402 0.966832 -0.248408
vn -0.059402 0.966832 -0.248408
vn -0.059402 0.966832 -0.248408
vn -0.059402 0.966832 -0.248408
vn -0.059402 0.966832 -0.248408
vn -0.059402 0.966832 -0.248408
vn -0.059402 0.966832 -0.248408
vn -0.059402 0.966832 -0.248408
vn -0.059402 0.966832 -0.248408
vn -0.059402 0.966832 -0.248408
vn -0.059402 0.966832 -0.248408
vn -0.059402 0.966832 -0.248408
vn -0.059402 0.966832 -0.248408
vn -0.059402 0.966832 -0.248408
vn -0.059402 0.966832 -0.248408
vn -0.059402 0.966832 -0.248408
vn -0.059402 0.966832 -0.248408
vn -0.059402 0.966832 -0.248408
vn -0.059402 0.966832 -0.248408
vn -0.059402 0.966832 -0.248408
vn -0.059402 0.966832 -0.248408
vn -0.059402 0.966832 -0.248408
vn -0.059402 0.966832 -0.248408
vn -0.059402 0.966832 -0.248408
vn -0.059402 0.966832 -0.248408
vn -0.059402 0.966832 -0.248408
vn -0.059402 0.966832 -0.248408
vn -0.059402 0.966832 -0.248408
vn -0.059402 0.966832 -0.248408
vn -0.059402 0.966832 -0.248408
vn -0.059402 0.966832 -0.248408
vn -0.059402 0.966832 -0.248408
vn -0.059402 0.966832 -0.248408
vn -0.059402 0.966832 -0.248408
vn -0.059402 0.966832 -0.248408
vn -0.059402 0.966832 -0.248408
vn -0.059402 0.966832 -0.248408
vn -0.059402 0.966832 -0.248408
vn -0.059402 0.966832 -0.248408
vn -0.059402 0.966832 -0.248408
vn -0.059402 0.966832 -0.248408
vn -0.059402 0.966832 -0.248408
vn -0.059402 0.966832 -0.248408
vn -0.059402 0.966832 -0.248408
vn -0.059402 0.966832 -0.248408
vn -0.939700 0.029800 0.340700
vn -0.939700 0.029800 0.340700
vn -0.939700 0.029800 0.340700
vn -0.939700 0.029800 0.340700
vn -0.939700 0.029800 0.340700
vn -0.939700 0.029800 0.340700
vn -0.939700 0.029800 0.340700
vn -0.939700 0.029800 0.340700
vn -0.939700 0.029800 0.340700
vn -0.939700 0.029800 0.340700
vn -0.939693 0.029811 0.340716
vn -0.939694 0.029811 0.340716
vn -0.939693 0.029811 0.340716
vn -0.939700 0.029800 0.340700
vn -0.939700 0.029800 0.340700
vn -0.939700 0.029800 0.340700
vn -0.939700 0.029800 0.340700
vn -0.939700 0.029800 0.340700
vn -0.939700 0.029800 0.340700
vn -0.939700 0.029800 0.340700
vn -0.939700 0.029800 0.340700
vn -0.939700 0.029800 0.340700
vn -0.939700 0.029800 0.340700
vn -0.939700 0.029800 0.340700
vn -0.939700 0.029800 0.340700
vn -0.939700 0.029800 0.340700
vn -0.939700 0.029800 0.340700
vn -0.939700 0.029800 0.340700
vn -0.939700 0.029800 0.340700
vn 0.939700 -0.029800 -0.340700
vn 0.939700 -0.029800 -0.340700
vn 0.939700 -0.029800 -0.340700
vn 0.939700 -0.029800 -0.340700
vn 0.939700 -0.029800 -0.340700
vn 0.939700 -0.029800 -0.340700
vn 0.939700 -0.029800 -0.340700
vn 0.939700 -0.029800 -0.340700
vn 0.939700 -0.029800 -0.340700
vn 0.939700 -0.029800 -0.340700
vn 0.939700 -0.029800 -0.340700
vn 0.939700 -0.029800 -0.340700
vn 0.939700 -0.029800 -0.340700
vn 0.939700 -0.029800 -0.340700
vn 0.939700 -0.029800 -0.340700
vn 0.939700 -0.029800 -0.340700
vn 0.939692 -0.029812 -0.340721
vn 0.939692 -0.029812 -0.340721
vn 0.939700 -0.029800 -0.340700
vn 0.939700 -0.029800 -0.340700
vn 0.939700 -0.029800 -0.340700
vn 0.939700 -0.029800 -0.340700
vn 0.939700 -0.029800 -0.340700
vn 0.939700 -0.029800 -0.340700
vn 0.939700 -0.029800 -0.340700
vn 0.939700 -0.029800 -0.340700
vn 0.939700 -0.029800 -0.340700
vn 0.939700 -0.029800 -0.340700
vn 0.336794 0.253596 0.906785
vn 0.336794 0.253596 0.906785
vn 0.336794 0.253596 0.906785
vn 0.336794 0.253596 0.906785
vn 0.336794 0.253596 0.906785
vn 0.336794 0.253596 0.906785
vn 0.336794 0.253596 0.906785
vn 0.336794 0.253596 0.906785
vn 0.336794 0.253596 0.906785
vn 0.336794 0.253596 0.906785
vn 0.336794 0.253596 0.906785
vn 0.336794 0.253596 0.906785
vn 0.336794 0.253596 0.906785
vn 0.336794 0.253596 0.906785
vn 0.336794 0.253596 0.906785
vn 0.336794 0.253596 0.906785
vn 0.336794 0.253596 0.906785
vn 0.336794 0.253596 0.906785
vn 0.336794 0.253596 0.906785
vn 0.336794 0.253596 0.906785
vn 0.336794 0.253596 0.906785
vn 0.336794 0.253596 0.906785
vn 0.336794 0.253596 0.906785
vn 0.336794 0.253596 0.906785
vn 0.336794 0.253596 0.906785
vn 0.336794 0.253596 0.906785
vn 0.336794 0.253596 0.906785
vn 0.336794 0.253596 0.906785
vn 0.336794 0.253596 0.906785
vn 0.336794 0.253596 0.906785
vn 0.336794 0.253596 0.906785
vn 0.336794 0.253596 0.906785
vn 0.336794 0.253596 0.906785
vn 0.336794 0.253596 0.906785
vn 0.336794 0.253596 0.906785
vn 0.336794 0.253596 0.906785
vn 0.336794 0.253596 0.906785
vn 0.336794 0.253596 0.906785
vn 0.336794 0.253596 0.906785
vn 0.336794 0.253596 0.906785
vn 0.336794 0.253596 0.906785
vn 0.336794 0.253596 0.906785
vn 0.336794 0.253596 0.906785
vn 0.336794 0.253596 0.906785
vn 0.336794 0.253596 0.906785
vn 0.336794 0.253596 0.906785
vn 0.336794 0.253596 0.906785
vn 0.336794 0.253596 0.906785
vn 0.336794 0.253596 0.906785
vn 0.336794 0.253596 0.906785
vn 0.336794 0.253596 0.906785
vn 0.336794 0.253596 0.906785
vn 0.336794 0.253596 0.906785
vn 0.336794 0.253596 0.906785
vn 0.336794 0.253596 0.906785
vn 0.336794 0.253596 0.906785
vn 0.336794 0.253596 0.906785
vn 0.336794 0.253596 0.906785
vn 0.336794 0.253596 0.906785
vn 0.336794 0.253596 0.906785
vn 0.336794 0.253596 0.906785
vn 0.336794 0.253596 0.906785
vn 0.336794 0.253596 0.906785
vn 0.336794 0.253596 0.906785
vn 0.336794 0.253596 0.906785
vn 0.336794 0.253596 0.906785
vn 0.336794 0.253596 0.906785
vn 0.336794 0.253596 0.906785
vn 0.336794 0.253596 0.906785
vn 0.336794 0.253596 0.906785
vn 0.336794 0.253596 0.906785
vn 0.336794 0.253596 0.906785
vn 0.336794 0.253596 0.906785
vn 0.336794 0.253596 0.906785
vn 0.336794 0.253596 0.906785
vn 0.336794 0.253596 0.906785
vn 0.336794 0.253596 0.906785
vn 0.336794 0.253596 0.906785
vn 0.336794 0.253596 0.906785
vn 0.336794 0.253596 0.906785
vn 0.336794 0.253596 0.906785
vn 0.336794 0.253596 0.906785
vn 0.336794 0.253596 0.906785
vn 0.336794 0.253596 0.906785
vn 0.336794 0.253596 0.906785
vn 0.336794 0.253596 0.906785
vn 0.336794 0.253596 0.906785
vn 0.336794 0.253596 0.906785
vn 0.336794 0.253596 0.906785
vn 0.336794 0.253596 0.906785
vn 0.336794 0.253596 0.906785
vn 0.336794 0.253596 0.906785
vn 0.336794 0.253596 0.906785
vn 0.336794 0.253596 0.906785
vn 0.336794 0.253596 0.906785
vn 0.336794 0.253596 0.906785
vn 0.336794 0.253596 0.906785
vn 0.336794 0.253596 0.906785
vn 0.336794 0.253596 0.906785
vn 0.336794 0.253596 0.906785
vn 0.336794 0.253596 0.906785
vn 0.336794 0.253596 0.906785
vn 0.336794 0.253596 0.906785
vn 0.336794 0.253596 0.906785
vn 0.336794 0.253596 0.906785
vn 0.336794 0.253596 0.906785
vn 0.336794 0.253596 0.906785
vn 0.336794 0.253596 0.906785
vn 0.336794 0.253596 0.906785
vn 0.336794 0.253596 0.906785
vn 0.336794 0.253596 0.906785
vn 0.336823 0.253645 0.906760
vn 0.336794 0.253596 0.906785
vn 0.336794 0.253596 0.906785
vn 0.336794 0.253596 0.906785
vn 0.336794 0.253596 0.906785
vn 0.336823 0.253646 0.906760
vn 0.336794 0.253596 0.906785
vn 0.336794 0.253596 0.906785
vn 0.336794 0.253596 0.906785
vn 0.336794 0.253596 0.906785
vn 0.336794 0.253596 0.906785
vn 0.336794 0.253596 0.906785
vn 0.336794 0.253596 0.906785
vn 0.336794 0.253596 0.906785
vn 0.336794 0.253596 0.906785
vn 0.336794 0.253596 0.906785
vn 0.336794 0.253596 0.906785
vn 0.336794 0.253596 0.906785
vn 0.336794 0.253596 0.906785
vn 0.336794 0.253596 0.906785
vn 0.336794 0.253596 0.906785
vn 0.336794 0.253596 0.906785
vn 0.336794 0.253596 0.906785
vn 0.336794 0.253596 0.906785
vn 0.336794 0.253596 0.906785
vn -0.336794 -0.253596 -0.906785
vn -0.336794 -0.253596 -0.906785
vn -0.336794 -0.253596 -0.906785
vn -0.336794 -0.253596 -0.906785
vn -0.336794 -0.253596 -0.906785
vn -0.336794 -0.253596 -0.906785
vn -0.336794 -0.253596 -0.906785
vn -0.336794 -0.253596 -0.906785
vn -0.336794 -0.253596 -0.906785
vn -0.336794 -0.253596 -0.906785
vn -0.336794 -0.253596 -0.906785
vn -0.336794 -0.253596 -0.906785
vn -0.336794 -0.253596 -0.906785
vn -0.336794 -0.253596 -0.906785
vn -0.336794 -0.253596 -0.906785
vn -0.336794 -0.253596 -0.906785
vn -0.336794 -0.253596 -0.906785
vn -0.336794 -0.253596 -0.906785
vn -0.336794 -0.253596 -0.906785
vn -0.336794 -0.253596 -0.906785
vn -0.336794 -0.253596 -0.906785
vn -0.336794 -0.253596 -0.906785
vn -0.336794 -0.253596 -0.906785
vn -0.336794 -0.253596 -0.906785
vn -0.336794 -0.253596 -0.906785
vn -0.336794 -0.253596 -0.906785
vn -0.336794 -0.253596 -0.906785
vn -0.336794 -0.253596 -0.906785
vn -0.336794 -0.253596 -0.906785
vn -0.336794 -0.253596 -0.906785
vn -0.336794 -0.253596 -0.906785
vn -0.336794 -0.253596 -0.906785
vn -0.336794 -0.253596 -0.906785
vn -0.336794 -0.253596 -0.906785
vn -0.336794 -0.253596 -0.906785
vn -0.336794 -0.253596 -0.906785
vn -0.336794 -0.253596 -0.906785
vn -0.336794 -0.253596 -0.906785
vn -0.336794 -0.253596 -0.906785
vn -0.336794 -0.253596 -0.906785
vn -0.336794 -0.253596 -0.906785
vn -0.336794 -0.253596 -0.906785
vn -0.336794 -0.253596 -0.906785
vn -0.336794 -0.253596 -0.906785
vn -0.336794 -0.253596 -0.906785
vn -0.336794 -0.253596 -0.906785
vn -0.336794 -0.253596 -0.906785
vn -0.336794 -0.253596 -0.906785
vn -0.336794 -0.253596 -0.906785
vn -0.336794 -0.253596 -0.906785
vn -0.336794 -0.253596 -0.906785
vn -0.336794 -0.253596 -0.906785
vn -0.336794 -0.253596 -0.906785
vn -0.336794 -0.253596 -0.906785
vn -0.336826 -0.253645 -0.906759
vn -0.336826 -0.253645 -0.906759
vn -0.336794 -0.253596 -0.906785
vn -0.336794 -0.253596 -0.906785
vn -0.336794 -0.253596 -0.906785
vn -0.336794 -0.253596 -0.906785
vn -0.336794 -0.253596 -0.906785
vn -0.336794 -0.253596 -0.906785
vn -0.336794 -0.253596 -0.906785
vn -0.336794 -0.253596 -0.906785
vn 0.059402 -0.966832 0.248408
vn 0.059402 -0.966832 0.248408
vn 0.059402 -0.966832 0.248408
vn 0.059402 -0.966832 0.248408
vn -0.059402 0.966832 -0.248408
vn -0.059402 0.966832 -0.248408
vn -0.059402 0.966832 -0.248408
vn -0.059402 0.966832 -0.248408
vn -0.059402 0.966832 -0.248408
vn -0.059402 0.966832 -0.248408
vn -0.059402 0.966832 -0.248408
vn -0.059402 0.966832 -0.248408
vn -0.059402 0.966832 -0.248408
vn -0.059402 0.966832 -0.248408
vn -0.059402 0.966832 -0.248408
vn -0.059402 0.966832 -0.248408
vn -0.059402 0.966832 -0.248408
vn -0.059402 0.966832 -0.248408
vn -0.059402 0.966832 -0.248408
vn -0.059402 0.966832 -0.248408
vn -0.059402 0.966832 -0.248408
vn -0.059402 0.966832 -0.248408
vn -0.059402 0.966832 -0.248408
vn -0.059402 0.966832 -0.248408
vn -0.059402 0.966832 -0.248408
vn -0.059402 0.966832 -0.248408
vn -0.059402 0.966832 -0.248408
vn -0.059402 0.966832 -0.248408
vn -0.059402 0.966832 -0.248408
vn -0.059402 0.966832 -0.248408
vn -0.059402 0.966832 -0.248408
vn -0.059402 0.966832 -0.248408
vn -0.059402 0.966832 -0.248408
vn -0.059402 0.966832 -0.248408
vn -0.059402 0.966832 -0.248408
vn -0.059402 0.966832 -0.248408
vn -0.059402 0.966832 -0.248408
vn -0.059402 0.966832 -0.248408
vn -0.059402 0.966832 -0.248408
vn -0.059402 0.966832 -0.248408
vn -0.059402 0.966832 -0.248408
vn -0.059402 0.966832 -0.248408
vn -0.059402 0.966832 -0.248408
vn -0.059402 0.966832 -0.248408
vn -0.059402 0.966832 -0.248408
vn -0.059402 0.966832 -0.248408
vn -0.059402 0.966832 -0.248408
vn -0.059402 0.966832 -0.248408
vn -0.059402 0.966832 -0.248408
vn -0.059402 0.966832 -0.248408
vn -0.059402 0.966832 -0.248408
vn -0.059402 0.966832 -0.248408
vn -0.059402 0.966832 -0.248408
vn -0.059392 0.966838 -0.248388
vn -0.059392 0.966838 -0.248388
vn -0.059402 0.966832 -0.248408
vn 0.000000 0.642817 0.766020
vn 0.000000 0.642817 0.766020
vn 0.000000 0.642817 0.766020
vn 0.000000 0.642817 0.766020
vn 0.000000 0.642817 0.766020
vn 0.000000 0.642817 0.766020
vn 0.000000 0.642817 0.766020
vn 0.000000 0.642817 0.766020
vn 0.000000 0.642817 0.766020
vn 0.000000 0.642817 0.766020
vn 0.000000 0.642817 0.766020
vn 0.000000 0.642817 0.766020
vn 0.000000 0.642817 0.766020
vn 0.000000 0.642817 0.766020
vn 0.000000 0.642817 0.766020
vn 0.000000 0.642817 0.766020
vn 0.000000 0.642817 0.766020
vn 0.000000 0.642817 0.766020
vn 0.000000 0.642817 0.766020
vn 0.000000 0.642817 0.766020
vn 0.000000 0.642817 0.766020
vn 0.000000 0.642817 0.766020
vn 0.000000 0.642817 0.766020
vn 0.000000 0.642817 0.766020
vn 0.000000 0.642817 0.766020
vn 0.000000 0.642817 0.766020
vn 0.000000 0.642817 0.766020
vn 0.000000 0.642817 0.766020
vn 0.000000 0.642817 0.766020
vn 0.000000 0.642817 0.766020
vn 0.000000 0.642817 0.766020
vn 0.000000 0.642817 0.766020
vn 0.000000 0.642817 0.766020
vn 0.000000 0.642817 0.766020
vn 0.000000 0.642817 0.766020
vn 0.000000 0.642817 0.766020
vn 0.000000 0.642817 0.766020
vn 0.000000 0.642817 0.766020
vn 0.000000 0.642817 0.766020
vn 0.000000 0.642817 0.766020
vn 0.000000 0.642817 0.766020
vn 0.000000 0.642817 0.766020
vn 0.000000 0.642817 0.766020
vn 0.000000 0.642817 0.766020
vn 0.000000 0.642817 0.766020
vn 0.000000 0.642817 0.766020
vn 0.000000 0.642817 0.766020
vn 0.000000 0.642817 0.766020
vn 0.000000 0.642817 0.766020
vn 0.000000 0.642817 0.766020
vn 0.000000 0.642817 0.766020
vn 0.000000 0.642817 0.766020
vn 0.000000 0.642817 0.766020
vn 0.000000 0.642817 0.766020
vn 0.000000 0.642817 0.766020
vn 0.000000 0.642817 0.766020
vn 0.000000 0.642817 0.766020
vn 0.000000 0.642817 0.766020
vn 0.000000 0.642817 0.766020
vn 0.000000 0.642817 0.766020
vn 0.000000 -0.642817 -0.766020
vn 0.000000 -0.642817 -0.766020
vn 0.000000 -0.642817 -0.766020
vn 0.000000 -0.642817 -0.766020
vn 0.000000 -0.642817 -0.766020
vn 0.000000 -0.642817 -0.766020
vn 0.000000 -0.642817 -0.766020
vn 0.000000 -0.642817 -0.766020
vn 0.000000 -0.642817 -0.766020
vn 0.000000 -0.642817 -0.766020
vn 0.000000 -0.642817 -0.766020
vn 0.000000 -0.642817 -0.766020
vn 0.000000 -0.642817 -0.766020
vn 0.000000 -0.642817 -0.766020
vn 0.000000 -0.642817 -0.766020
vn 0.000000 -0.642817 -0.766020
vn 0.000000 -0.642817 -0.766020
vn 0.000000 -0.642817 -0.766020
vn 0.000000 -0.642817 -0.766020
vn 0.000000 -0.642817 -0.766020
vn 0.000000 -0.642817 -0.766020
vn 0.000000 -0.642817 -0.766020
vn 0.000000 -0.642817 -0.766020
vn 0.000000 -0.642817 -0.766020
vn 0.000000 -0.642817 -0.766020
vn 0.000000 -0.642817 -0.766020
vn 0.000000 -0.642817 -0.766020
vn 0.000000 -0.642817 -0.766020
vn 0.000000 -0.642817 -0.766020
vn 0.000000 -0.642817 -0.766020
vn 0.000000 -0.642817 -0.766020
vn 0.000000 -0.642817 -0.766020
vn 0.000000 -0.642817 -0.766020
vn 0.000000 -0.642817 -0.766020
vn 0.000000 -0.642817 -0.766020
vn 0.000000 -0.642817 -0.766020
vn 0.000000 -0.642817 -0.766020
vn 0.000000 -0.642817 -0.766020
vn 0.000000 -0.642817 -0.766020
vn 0.000000 -0.642817 -0.766020
vn 0.000000 -0.642817 -0.766020
vn 0.000000 -0.642817 -0.766020
vn 0.000000 -0.642817 -0.766020
vn 0.000000 -0.642817 -0.766020
vn 0.000000 -0.642817 -0.766020
vn 0.000000 -0.642817 -0.766020
vn 0.000000 -0.642817 -0.766020
vn 0.000000 -0.642817 -0.766020
vn 0.000000 -0.642817 -0.766020
vn 0.000000 -0.642817 -0.766020
vn 0.000000 -0.642817 -0.766020
vn 0.000000 -0.642817 -0.766020
vn 0.000000 -0.642817 -0.766020
vn 0.000000 -0.642817 -0.766020
vn 0.000000 -0.642817 -0.766020
vn 0.000000 -0.642817 -0.766020
vn 0.000000 -0.642817 -0.766020
vn 0.000000 -0.642817 -0.766020
vn 0.000000 -0.642817 -0.766020
vn 0.000000 -0.642817 -0.766020
vn 0.000000 -0.642817 -0.766020
vn 0.000000 -0.642817 -0.766020
vn 0.000000 -0.642817 -0.766020
vn 0.000000 -0.642817 -0.766020
vn 0.000000 -0.642817 -0.766020
vn 0.000000 -0.642817 -0.766020
vn 0.000000 -0.642817 -0.766020
vn 0.000000 -0.642817 -0.766020
vn 0.000000 -0.642817 -0.766020
vn 0.000000 -0.642817 -0.766020
vn 0.000000 -0.642817 -0.766020
vn 0.000000 -0.642817 -0.766020
vn 0.000000 -0.642817 -0.766020
vn 0.000000 -0.642817 -0.766020
vn 0.000000 -0.642817 -0.766020
vn 0.000000 -0.642817 -0.766020
vn 0.000000 -0.642817 -0.766020
vn 0.000000 -0.642817 -0.766020
vn 0.000000 -0.642817 -0.766020
vn 0.000000 -0.642817 -0.766020
vn 0.000000 -0.642817 -0.766020
vn 0.000000 -0.642817 -0.766020
vn 0.000000 -0.642817 -0.766020
vn 0.000000 -0.642817 -0.766020
vn 0.000000 -0.642817 -0.766020
vn 0.000000 -0.642817 -0.766020
vn 0.000000 -0.642817 -0.766020
vn 0.000000 -0.642817 -0.766020
vn 0.000000 -0.642817 -0.766020
vn 0.000000 -0.642817 -0.766020
vn 0.000000 -0.642817 -0.766020
vn 0.000000 -0.642817 -0.766020
vn 0.000000 -0.642817 -0.766020
vn 0.000000 -0.642817 -0.766020
vn 0.000000 -0.642817 -0.766020
vn 0.000000 -0.642817 -0.766020
vn 0.000000 -0.642817 -0.766020
vn 0.000000 -0.642817 -0.766020
vn 0.000000 -0.642817 -0.766020
vn 0.000000 -0.642817 -0.766020
vn 0.000000 -0.642817 -0.766020
vn 0.000000 -0.642817 -0.766020
vn 0.000000 -0.642817 -0.766020
vn 0.000000 -0.642817 -0.766020
vn 0.000000 -0.642817 -0.766020
vn 0.000000 -0.642817 -0.766020
vn 0.000000 -0.642817 -0.766020
vn 0.000000 -0.642817 -0.766020
vn 1.000000 0.000000 0.000000
vn 1.000000 0.000000 0.000000
vn 1.000000 0.000000 0.000000
vn 1.000000 0.000000 0.000000
vn 1.000000 0.000000 0.000000
vn 1.000000 0.000000 0.000000
vn 1.000000 0.000000 0.000000
vn 1.000000 0.000000 0.000000
vn 1.000000 0.000000 0.000000
vn 1.000000 0.000000 0.000000
vn 1.000000 0.000000 0.000000
vn 1.000000 0.000000 0.000000
vn 1.000000 0.000000 0.000000
vn 1.000000 0.000000 0.000000
vn 1.000000 0.000000 0.000000
vn 1.000000 0.000000 0.000000
vn 1.000000 0.000000 0.000000
vn 1.000000 0.000000 0.000000
vn 1.000000 0.000000 0.000000
vn 1.000000 0.000000 0.000000
vn 1.000000 0.000000 0.000000
vn 1.000000 0.000000 0.000000
vn 1.000000 0.000000 0.000000
vn 1.000000 0.000000 0.000000
vn 1.000000 0.000000 0.000000
vn 1.000000 0.000000 0.000000
vn 1.000000 0.000000 0.000000
vn 1.000000 0.000000 0.000000
vn 1.000000 0.000000 0.000000
vn 1.000000 0.000000 0.000000
vn 1.000000 0.000000 0.000000
vn 1.000000 0.000000 0.000000
vn 1.000000 0.000000 0.000000
vn 1.000000 0.000000 0.000000
vn 1.000000 0.000000 0.000000
vn 1.000000 0.000000 0.000000
vn 1.000000 0.000000 0.000000
vn 1.000000 0.000000 0.000000
vn 1.000000 0.000000 0.000000
vn 1.000000 0.000000 0.000000
vn 1.000000 0.000000 0.000000
vn 1.000000 0.000000 0.000000
vn 1.000000 0.000000 0.000000
vn 1.000000 0.000000 0.000000
vn 1.000000 0.000000 0.000000
vn 1.000000 0.000000 0.000000
vn 1.000000 0.000000 0.000000
vn 1.000000 0.000000 0.000000
vn 1.000000 0.000000 0.000000
vn 1.000000 0.000000 0.000000
vn 1.000000 0.000000 0.000000
vn 1.000000 0.000000 0.000000
vn 1.000000 0.000000 0.000000
vn 1.000000 0.000000 0.000000
vn 1.000000 0.000000 0.000000
vn 1.000000 0.000000 0.000000
vn 1.000000 0.000000 0.000000
vn 1.000000 0.000000 0.000000
vn 1.000000 0.000000 0.000000
vn 1.000000 0.000000 0.000000
vn 1.000000 0.000000 0.000000
vn 1.000000 0.000000 0.000000
vn 1.000000 0.000000 0.000000
vn 1.000000 0.000000 0.000000
vn 1.000000 0.000000 0.000000
vn 1.000000 0.000000 0.000000
vn 1.000000 0.000000 0.000000
vn 1.000000 0.000000 0.000000
vn 1.000000 0.000000 0.000000
vn 1.000000 0.000000 0.000000
vn 1.000000 0.000000 0.000000
vn 1.000000 0.000000 0.000000
vn 1.000000 0.000000 0.000000
vn 1.000000 0.000000 0.000000
vn 1.000000 0.000000 0.000000
vn 1.000000 0.000000 0.000000
vn 1.000000 0.000000 0.000000
vn 1.000000 0.000000 0.000000
vn 1.000000 0.000000 0.000000
vn 1.000000 0.000000 0.000000
vn 1.000000 0.000000 0.000000
vn 1.000000 0.000000 0.000000
vn 1.000000 0.000000 0.000000
vn 1.000000 0.000000 0.000000
vn 1.000000 0.000000 0.000000
vn 1.000000 0.000000 0.000000
vn 1.000000 0.000000 0.000000
vn 1.000000 0.000000 0.000000
vn 1.000000 0.000000 0.000000
vn 1.000000 0.000000 0.000000
vn 1.000000 0.000000 0.000000
vn 1.000000 0.000000 0.000000
vn 1.000000 0.000000 0.000000
vn 1.000000 0.000000 0.000000
vn 1.000000 0.000000 0.000000
vn 1.000000 0.000000 0.000000
vn 1.000000 0.000000 0.000000
vn 1.000000 0.000000 0.000000
vn 1.000000 0.000000 0.000000
vn 1.000000 0.000000 0.000000
vn 1.000000 0.000000 0.000000
vn 1.000000 0.000000 0.000000
vn 1.000000 0.000000 0.000000
vn 1.000000 0.000000 0.000000
vn 1.000000 0.000000 0.000000
vn 1.000000 0.000000 0.000000
vn 1.000000 0.000000 0.000000
vn 1.000000 0.000000 0.000000
vn 1.000000 0.000000 0.000000
vn 1.000000 0.000000 0.000000
vn -1.000000 0.000000 0.000000
vn -1.000000 0.000000 0.000000
vn -1.000000 0.000000 0.000000
vn -1.000000 0.000000 0.000000
vn -1.000000 0.000000 0.000000
vn -1.000000 0.000000 0.000000
vn -1.000000 0.000000 0.000000
vn -1.000000 0.000000 0.000000
vn -1.000000 0.000000 0.000000
vn -1.000000 0.000000 0.000000
vn -1.000000 0.000000 0.000000
vn -1.000000 0.000000 0.000000
vn -1.000000 0.000000 0.000000
vn -1.000000 0.000000 0.000000
vn -1.000000 0.000000 0.000000
vn -1.000000 0.000000 0.000000
vn -1.000000 0.000000 0.000000
vn -1.000000 0.000000 0.000000
vn -1.000000 0.000000 0.000000
vn -1.000000 0.000000 0.000000
vn -1.000000 0.000000 0.000000
vn -1.000000 0.000000 0.000000
vn -1.000000 0.000000 0.000000
vn -1.000000 0.000000 0.000000
vn -1.000000 0.000000 0.000000
vn -1.000000 0.000000 0.000000
vn -1.000000 0.000000 0.000000
vn -1.000000 0.000000 0.000000
vn -1.000000 0.000000 0.000000
vn -1.000000 0.000000 0.000000
vn -1.000000 0.000000 0.000000
vn -1.000000 0.000000 0.000000
vn -1.000000 0.000000 0.000000
vn -1.000000 0.000000 0.000000
vn -1.000000 0.000000 0.000000
vn -1.000000 0.000000 0.000000
vn -1.000000 0.000000 0.000000
vn -1.000000 0.000000 0.000000
vn -1.000000 0.000000 0.000000
vn -1.000000 0.000000 0.000000
vn -1.000000 0.000000 0.000000
vn -1.000000 0.000000 0.000000
vn -1.000000 0.000000 0.000000
vn -1.000000 0.000000 0.000000
vn -1.000000 0.000000 0.000000
vn -1.000000 0.000000 0.000000
vn -1.000000 0.000000 0.000000
vn -1.000000 0.000000 0.000000
vn -1.000000 0.000000 0.000000
vn -1.000000 0.000000 0.000000
vn -1.000000 0.000000 0.000000
vn -1.000000 0.000000 0.000000
vn -1.000000 0.000000 0.000000
vn -1.000000 0.000000 0.000000
vn -1.000000 0.000000 0.000000
vn -1.000000 0.000000 0.000000
vn -1.000000 0.000000 0.000000
vn -1.000000 0.000000 0.000000
vn -1.000000 0.000000 0.000000
vn -1.000000 0.000000 0.000000
vn 0.000000 -0.766020 0.642817
vn 0.000000 -0.766020 0.642817
vn 0.000000 -0.766020 0.642817
vn 0.000000 -0.766020 0.642817
vn 0.000000 -0.766020 0.642817
vn 0.000000 -0.766020 0.642817
vn 0.000000 -0.766020 0.642817
vn 0.000000 -0.766020 0.642817
vn 0.000000 -0.766020 0.642817
vn 0.000000 -0.766020 0.642817
vn 0.000000 -0.766020 0.642817
vn 0.000000 -0.766020 0.642817
vn 0.000000 -0.766020 0.642817
vn 0.000000 -0.766020 0.642817
vn 0.000000 -0.766020 0.642817
vn 0.000000 -0.766020 0.642817
vn 0.000000 -0.766020 0.642817
vn 0.000000 -0.766020 0.642817
vn 0.000000 -0.766020 0.642817
vn 0.000000 -0.766020 0.642817
vn 0.000000 0.766020 -0.642817
vn 0.000000 0.766020 -0.642817
vn 0.000000 0.766020 -0.642817
vn 0.000000 0.766020 -0.642817
vn 0.000000 0.766020 -0.642817
vn 0.000000 0.766020 -0.642817
vn 0.000000 0.766020 -0.642817
vn 0.000000 0.766020 -0.642817
vn 0.000000 0.766020 -0.642817
vn 0.000000 0.766020 -0.642817
vn 0.000000 0.766020 -0.642817
vn 0.000000 0.766020 -0.642817
vn 0.000000 0.766020 -0.642817
vn 0.000000 0.766020 -0.642817
vn 0.000000 0.766020 -0.642817
vn 0.000000 0.766020 -0.642817
vn 0.000000 0.766020 -0.642817
vn 0.000000 0.766020 -0.642817
vn 0.000000 0.766020 -0.642817
vn 0.000000 0.766020 -0.642817
vn 0.000000 0.766020 -0.642817
vn 0.000000 0.766020 -0.642817
vn 0.000000 0.766020 -0.642817
vn 0.000000 0.766020 -0.642817
vn 0.000000 0.766020 -0.642817
vn 0.000000 0.766020 -0.642817
vn 0.000000 0.766020 -0.642817
vn 0.000000 0.766020 -0.642817
vn 0.000000 0.766020 -0.642817
vn 0.000000 0.766020 -0.642817
vn 0.000000 0.766020 -0.642817
vn 0.000000 0.766020 -0.642817
vn 0.000000 0.766020 -0.642817
vn 0.000000 0.766020 -0.642817
vn 0.000000 0.766020 -0.642817
vn 0.000000 0.766020 -0.642817
vn 0.000000 0.766020 -0.642817
vn 0.000000 0.766020 -0.642817
vn -1.000000 0.000000 0.000000
vn -1.000000 0.000000 0.000000
vn -1.000000 0.000000 0.000000
vn -1.000000 0.000000 0.000000
vn -1.000000 0.000000 0.000000
vn -1.000000 0.000000 0.000000
vn -1.000000 0.000000 0.000000
vn -1.000000 0.000000 0.000000
vn -1.000000 0.000000 0.000000
vn -1.000000 0.000000 0.000000
vn -1.000000 0.000000 0.000000
vn -1.000000 0.000000 0.000000
vn -1.000000 0.000000 0.000000
vn -1.000000 0.000000 0.000000
vn -1.000000 0.000000 0.000000
vn -1.000000 0.000000 0.000000
vn -1.000000 0.000000 0.000000
vn -1.000000 0.000000 0.000000
vn -1.000000 0.000000 0.000000
vn -1.000000 0.000000 0.000000
vn -1.000000 0.000000 0.000000
vn -1.000000 0.000000 0.000000
vn -1.000000 0.000000 0.000000
vn -1.000000 0.000000 0.000000
vn -1.000000 0.000000 0.000000
vn -1.000000 0.000000 0.000000
vn -1.000000 0.000000 0.000000
vn -1.000000 0.000000 0.000000
vn -1.000000 0.000000 0.000000
vn -1.000000 0.000000 0.000000
vn -1.000000 0.000000 0.000000
vn -1.000000 0.000000 0.000000
vn -1.000000 0.000000 0.000000
vn -1.000000 0.000000 0.000000
vn -1.000000 0.000000 0.000000
vn -1.000000 0.000000 0.000000
vn -1.000000 0.000000 0.000000
vn -1.000000 0.000000 0.000000
vn -1.000000 0.000000 0.000000
vn -1.000000 0.000000 0.000000
vn -1.000000 0.000000 0.000000
vn -1.000000 0.000000 0.000000
vn -1.000000 0.000000 0.000000
vn -1.000000 0.000000 0.000000
vn -1.000000 0.000000 0.000000
vn -1.000000 0.000000 0.000000
vn -1.000000 0.000000 0.000000
vn -1.000000 0.000000 0.000000
vn -1.000000 0.000000 0.000000
vn -1.000000 0.000000 0.000000
vn -1.000000 0.000000 0.000000
vn -1.000000 0.000000 0.000000
vn -1.000000 0.000000 0.000000
vn -1.000000 0.000000 0.000000
vn -1.000000 0.000000 0.000000
vn -1.000000 0.000000 0.000000
vn -1.000000 0.000000 0.000000
vn -1.000000 0.000000 0.000000
vn -1.000000 0.000000 0.000000
vn -1.000000 0.000000 0.000000
vn -1.000000 0.000000 0.000000
vn -1.000000 0.000000 0.000000
vn -1.000000 0.000000 0.000000
vn -1.000000 0.000000 0.000000
vn -1.000000 0.000000 0.000000
vn -1.000000 0.000000 0.000000
vn -1.000000 0.000000 0.000000
vn -1.000000 0.000000 0.000000
vn -1.000000 0.000000 0.000000
vn -1.000000 0.000000 0.000000
vn -1.000000 0.000000 0.000000
vn -1.000000 0.000000 0.000000
vn -1.000000 0.000000 0.000000
vn -1.000000 0.000000 0.000000
vn -1.000000 0.000000 0.000000
vn -1.000000 0.000000 0.000000
vn -1.000000 0.000000 0.000000
vn -1.000000 0.000000 0.000000
vn -1.000000 0.000000 0.000000
vn -1.000000 0.000000 0.000000
vn -1.000000 0.000000 0.000000
vn -1.000000 0.000000 0.000000
vn -1.000000 0.000000 0.000000
vn -1.000000 0.000000 0.000000
vn -1.000000 0.000000 0.000000
vn -1.000000 0.000000 0.000000
vn -1.000000 0.000000 0.000000
vn -1.000000 0.000000 0.000000
vn -1.000000 0.000000 0.000000
vn -1.000000 0.000000 0.000000
vn -1.000000 0.000000 0.000000
vn -1.000000 0.000000 0.000000
vn -1.000000 0.000000 0.000000
vn -1.000000 0.000000 0.000000
vn -1.000000 0.000000 0.000000
vn -1.000000 0.000000 0.000000
vn 1.000000 0.000000 0.000000
vn 1.000000 0.000000 0.000000
vn 1.000000 0.000000 0.000000
vn 1.000000 0.000000 0.000000
vn 1.000000 0.000000 0.000000
vn 1.000000 0.000000 0.000000
vn 1.000000 0.000000 0.000000
vn 1.000000 0.000000 0.000000
vn 1.000000 0.000000 0.000000
vn 1.000000 0.000000 0.000000
vn 1.000000 0.000000 0.000000
vn 1.000000 0.000000 0.000000
vn 1.000000 0.000000 0.000000
vn 1.000000 0.000000 0.000000
vn 1.000000 0.000000 0.000000
vn 1.000000 0.000000 0.000000
vn 1.000000 0.000000 0.000000
vn 1.000000 0.000000 0.000000
vn 1.000000 0.000000 0.000000
vn 1.000000 0.000000 0.000000
vn 1.000000 0.000000 0.000000
vn 1.000000 0.000000 0.000000
vn 1.000000 0.000000 0.000000
vn 1.000000 0.000000 0.000000
vn 1.000000 0.000000 0.000000
vn 1.000000 0.000000 0.000000
vn 1.000000 0.000000 0.000000
vn 1.000000 0.000000 0.000000
vn 1.000000 0.000000 0.000000
vn 1.000000 0.000000 0.000000
vn 1.000000 0.000000 0.000000
vn 1.000000 0.000000 0.000000
vn 1.000000 0.000000 0.000000
vn 1.000000 0.000000 0.000000
vn 1.000000 0.000000 0.000000
vn 1.000000 0.000000 0.000000
vn 1.000000 0.000000 0.000000
vn 1.000000 0.000000 0.000000
vn 1.000000 0.000000 0.000000
vn 1.000000 0.000000 0.000000
vn 1.000000 0.000000 0.000000
vn 1.000000 0.000000 0.000000
vn 1.000000 0.000000 0.000000
vn 1.000000 0.000000 0.000000
vn 1.000000 0.000000 0.000000
vn 1.000000 0.000000 0.000000
vn 1.000000 0.000000 0.000000
vn 1.000000 0.000000 0.000000
vn 1.000000 0.000000 0.000000
vn 1.000000 0.000000 0.000000
vn 1.000000 0.000000 0.000000
vn 1.000000 0.000000 0.000000
vn 1.000000 0.000000 0.000000
vn 1.000000 0.000000 0.000000
vn 1.000000 0.000000 0.000000
vn 1.000000 0.000000 0.000000
vn 1.000000 0.000000 0.000000
vn 1.000000 0.000000 0.000000
vn 1.000000 0.000000 0.000000
vn 1.000000 0.000000 0.000000
vn 1.000000 0.000000 0.000000
vn 1.000000 0.000000 0.000000
vn 1.000000 0.000000 0.000000
vn 1.000000 0.000000 0.000000
vn 1.000000 0.000000 0.000000
vn 1.000000 0.000000 0.000000
vn 1.000000 0.000000 0.000000
vn 1.000000 0.000000 0.000000
vn 1.000000 0.000000 0.000000
vn 1.000000 0.000000 0.000000
vn 1.000000 0.000000 0.000000
vn 1.000000 0.000000 0.000000
vn 1.000000 0.000000 0.000000
vn 1.000000 0.000000 0.000000
vn 1.000000 0.000000 0.000000
vn 1.000000 0.000000 0.000000
vn 1.000000 0.000000 0.000000
vn 1.000000 0.000000 0.000000
vn 1.000000 0.000000 0.000000
vn 1.000000 0.000000 0.000000
vn 1.000000 0.000000 0.000000
vn 1.000000 0.000000 0.000000
vn 1.000000 0.000000 0.000000
vn 1.000000 0.000000 0.000000
vn 1.000000 0.000000 0.000000
vn 1.000000 0.000000 0.000000
vn 1.000000 0.000000 0.000000
vn 1.000000 0.000000 0.000000
vn 1.000000 0.000000 0.000000
vn 1.000000 0.000000 0.000000
vn 1.000000 0.000000 0.000000
vn 1.000000 0.000000 0.000000
vn 1.000000 0.000000 0.000000
vn 1.000000 0.000000 0.000000
vn 1.000000 0.000000 0.000000
vn 1.000000 0.000000 0.000000
vn 0.000000 0.000000 1.000000
vn 0.000000 0.000000 1.000000
vn 0.000000 0.000000 1.000000
vn 0.000000 0.000000 1.000000
vn 0.000000 0.000000 1.000000
vn 0.000000 0.000000 1.000000
vn 0.000000 0.000000 1.000000
vn 0.000000 0.000000 1.000000
vn 0.000000 0.000000 1.000000
vn 0.000000 0.000000 1.000000
vn 0.000000 0.000000 1.000000
vn 0.000000 0.000000 1.000000
vn 0.000000 0.000000 1.000000
vn 0.000000 0.000000 1.000000
vn 0.000000 0.000000 1.000000
vn 0.000000 0.000000 1.000000
vn 0.000000 0.000000 1.000000
vn 0.000000 0.000000 1.000000
vn 0.000000 0.000000 1.000000
vn 0.000000 0.000000 1.000000
vn 0.000000 0.000000 1.000000
vn 0.000000 0.000000 1.000000
vn 0.000000 0.000000 1.000000
vn 0.000000 0.000000 1.000000
vn 0.000000 0.000000 1.000000
vn 0.000000 0.000000 1.000000
vn 0.000000 0.000000 1.000000
vn 0.000000 0.000000 1.000000
vn 0.000000 0.000000 1.000000
vn 0.000000 0.000000 1.000000
vn 0.000000 0.000000 1.000000
vn 0.000000 0.000000 1.000000
vn 0.000000 0.000000 1.000000
vn 0.000000 0.000000 1.000000
vn 0.000000 0.000000 1.000000
vn 0.000000 0.000000 1.000000
vn 0.000000 0.000000 1.000000
vn 0.000000 0.000000 1.000000
vn 0.000000 0.000000 1.000000
vn 0.000000 0.000000 1.000000
vn 0.000000 0.000000 1.000000
vn 0.000000 0.000000 1.000000
vn 0.000000 0.000000 1.000000
vn 0.000000 0.000000 1.000000
vn 0.000000 0.000000 1.000000
vn 0.000000 0.000000 1.000000
vn 0.000000 0.000000 1.000000
vn 0.000000 0.000000 1.000000
vn 0.000000 0.000000 1.000000
vn 0.000000 0.000000 1.000000
vn 0.000000 0.000000 1.000000
vn 0.000000 0.000000 1.000000
vn 0.000000 0.000000 1.000000
vn 0.000000 0.000000 1.000000
vn 0.000000 0.000000 1.000000
vn 0.000000 0.000000 1.000000
vn 0.000000 0.000000 1.000000
vn 0.000000 0.000000 1.000000
vn 0.000000 0.000000 1.000000
vn 0.000000 0.000000 1.000000
vn 0.000000 0.000000 1.000000
vn 0.000000 0.000000 1.000000
vn 0.000000 0.000000 1.000000
vn 0.000000 0.000000 1.000000
vn 0.000000 0.000000 1.000000
vn 0.000000 0.000000 1.000000
vn 0.000000 0.000000 1.000000
vn 0.000000 0.000000 1.000000
vn 0.000000 0.000000 1.000000
vn 0.000000 0.000000 1.000000
vn 0.000000 0.000000 1.000000
vn 0.000000 0.000000 1.000000
vn 0.000000 0.000000 1.000000
vn 0.000000 0.000000 1.000000
vn 0.000000 0.000000 1.000000
vn 0.000000 0.000000 1.000000
vn 0.000000 0.000000 1.000000
vn 0.000000 0.000000 1.000000
vn 0.000000 0.000000 1.000000
vn 0.000000 0.000000 1.000000
vn 0.000000 0.000000 1.000000
vn 0.000000 0.000000 1.000000
vn 0.000000 0.000000 1.000000
vn 0.000000 0.000000 1.000000
vn 0.000000 0.000000 1.000000
vn 0.000000 0.000000 1.000000
vn 0.000000 0.000000 1.000000
vn 0.000000 0.000000 1.000000
vn 0.000000 0.000000 1.000000
vn 0.000000 0.000000 1.000000
vn 0.000000 0.000000 1.000000
vn 0.000000 0.000000 1.000000
vn 0.000000 0.000000 1.000000
vn 0.000000 0.000000 1.000000
vn 0.000000 0.000000 1.000000
vn 0.000000 0.000000 1.000000
vn 0.000000 0.000000 -1.000000
vn 0.000000 0.000000 -1.000000
vn 0.000000 0.000000 -1.000000
vn 0.000000 0.000000 -1.000000
vn 0.000000 0.000000 -1.000000
vn 0.000000 0.000000 -1.000000
vn 0.000000 0.000000 -1.000000
vn 0.000000 0.000000 -1.000000
vn 0.000000 0.000000 -1.000000
vn 0.000000 0.000000 -1.000000
vn 0.000000 0.000000 -1.000000
vn 0.000000 0.000000 -1.000000
vn 0.000000 0.000000 -1.000000
vn 0.000000 0.000000 -1.000000
vn 0.000000 0.000000 -1.000000
vn 0.000000 0.000000 -1.000000
vn 0.000000 0.000000 -1.000000
vn 0.000000 0.000000 -1.000000
vn 0.000000 0.000000 -1.000000
vn 0.000000 0.000000 -1.000000
vn 0.000000 0.000000 -1.000000
vn 0.000000 0.000000 -1.000000
vn 0.000000 0.000000 -1.000000
vn 0.000000 0.000000 -1.000000
vn 0.000000 0.000000 -1.000000
vn 0.000000 0.000000 -1.000000
vn 0.000000 0.000000 -1.000000
vn 0.000000 0.000000 -1.000000
vn 0.000000 0.000000 -1.000000
vn 0.000000 0.000000 -1.000000
vn 0.000000 0.000000 -1.000000
vn 0.000000 0.000000 -1.000000
vn 0.000000 0.000000 -1.000000
vn 0.000000 0.000000 -1.000000
vn 0.000000 0.000000 -1.000000
vn 0.000000 0.000000 -1.000000
vn 0.000000 0.000000 -1.000000
vn 0.000000 0.000000 -1.000000
vn 0.000000 0.000000 -1.000000
vn 0.000000 0.000000 -1.000000
vn 0.000000 0.000000 -1.000000
vn 0.000000 0.000000 -1.000000
vn 0.000000 0.000000 -1.000000
vn 0.000000 0.000000 -1.000000
vn 0.000000 0.000000 -1.000000
vn 0.000000 0.000000 -1.000000
vn 0.000000 0.000000 -1.000000
vn 0.000000 0.000000 -1.000000
vn 0.000000 0.000000 -1.000000
vn 0.000000 0.000000 -1.000000
vn 0.000000 0.000000 -1.000000
vn 0.000000 0.000000 -1.000000
vn 0.000000 0.000000 -1.000000
vn 0.000000 0.000000 -1.000000
vn 0.000000 0.000000 -1.000000
vn 0.000000 0.000000 -1.000000
vn 0.000000 0.000000 -1.000000
vn 0.000000 0.000000 -1.000000
vn 0.000000 0.000000 -1.000000
vn 0.000000 0.000000 -1.000000
vn 0.000000 0.000000 -1.000000
vn 0.000000 0.000000 -1.000000
vn 0.000000 0.000000 -1.000000
vn 0.000000 0.000000 -1.000000
vn 0.000000 0.000000 -1.000000
vn 0.000000 0.000000 -1.000000
vn 0.000000 0.000000 -1.000000
vn 0.000000 0.000000 -1.000000
vn 0.000000 0.000000 -1.000000
vn 0.000000 0.000000 -1.000000
vn 0.000000 0.000000 -1.000000
vn 0.000000 0.000000 -1.000000
vn 0.000000 0.000000 -1.000000
vn 0.000000 0.000000 -1.000000
vn 0.000000 0.000000 -1.000000
vn 0.000000 0.000000 -1.000000
vn 0.000000 0.000000 -1.000000
vn 0.000000 0.000000 -1.000000
vn 0.000000 0.000000 -1.000000
vn 0.000000 0.000000 -1.000000
vn 0.000000 0.000000 -1.000000
vn 0.000000 0.000000 -1.000000
vn 0.000000 0.000000 -1.000000
vn 0.000000 0.000000 -1.000000
vn 0.000000 0.000000 -1.000000
vn 0.000000 0.000000 -1.000000
vn 0.000000 0.000000 -1.000000
vn 0.000000 0.000000 -1.000000
vn 0.000000 0.000000 -1.000000
vn 0.000000 0.000000 -1.000000
vn 0.000000 0.000000 -1.000000
vn 0.000000 0.000000 -1.000000
vn 0.000000 0.000000 -1.000000
vn 0.000000 0.000000 -1.000000
vn 0.000000 0.000000 -1.000000
vn 0.000000 0.000000 -1.000000
vn 0.000000 1.000000 0.000000
vn 0.000000 1.000000 0.000000
vn 0.000000 1.000000 0.000000
vn 0.000000 1.000000 0.000000
vn 0.000000 1.000000 0.000000
vn 0.000000 1.000000 0.000000
vn 0.000000 1.000000 0.000000
vn 0.000000 1.000000 0.000000
vn 0.000000 1.000000 0.000000
vn 0.000000 1.000000 0.000000
vn 0.000000 1.000000 0.000000
vn 0.000000 1.000000 0.000000
vn 0.000000 1.000000 0.000000
vn 0.000000 1.000000 0.000000
vn 0.000000 1.000000 0.000000
vn 0.000000 1.000000 0.000000
vn 0.000000 1.000000 0.000000
vn 0.000000 1.000000 0.000000
vn 0.000000 1.000000 0.000000
vn 0.000000 1.000000 0.000000
vn 0.000000 1.000000 0.000000
vn 0.000000 1.000000 0.000000
vn 0.000000 1.000000 0.000000
vn 0.000000 1.000000 0.000000
vn 0.000000 1.000000 0.000000
vn 0.000000 1.000000 0.000000
vn 0.000000 1.000000 0.000000
vn 0.000000 1.000000 0.000000
vn 0.000000 1.000000 0.000000
vn 0.000000 1.000000 0.000000
vn 0.000000 1.000000 0.000000
vn 0.000000 1.000000 0.000000
vn 0.000000 1.000000 0.000000
vn 0.000000 1.000000 0.000000
vn 0.000000 1.000000 0.000000
vn 0.000000 1.000000 0.000000
vn 0.000000 1.000000 0.000000
vn 0.000000 1.000000 0.000000
vn 0.000000 1.000000 0.000000
vn 0.000000 1.000000 0.000000
vn 0.000000 1.000000 0.000000
vn 0.000000 1.000000 0.000000
vn 0.000000 1.000000 0.000000
vn 0.000000 1.000000 0.000000
vn 0.000000 1.000000 0.000000
vn 0.000000 1.000000 0.000000
vn 0.000000 1.000000 0.000000
vn 0.000000 1.000000 0.000000
vn 0.000000 1.000000 0.000000
vn 0.000000 1.000000 0.000000
vn 0.000000 1.000000 0.000000
vn 0.000000 1.000000 0.000000
vn 0.000000 1.000000 0.000000
vn 0.000000 1.000000 0.000000
vn 0.000000 1.000000 0.000000
vn 0.000000 1.000000 0.000000
vn 0.000000 1.000000 0.000000
vn 0.000000 1.000000 0.000000
vn 0.000000 1.000000 0.000000
vn 0.000000 1.000000 0.000000
vn 0.000000 1.000000 0.000000
vn 0.000000 1.000000 0.000000
vn 0.000000 1.000000 0.000000
vn 0.000000 1.000000 0.000000
vn 0.000000 1.000000 0.000000
vn 0.000000 1.000000 0.000000
vn 0.000000 1.000000 0.000000
vn 0.000000 1.000000 0.000000
vn 0.000000 1.000000 0.000000
vn 0.000000 1.000000 0.000000
vn 0.000000 1.000000 0.000000
vn 0.000000 1.000000 0.000000
vn 0.000000 1.000000 0.000000
vn 0.000000 1.000000 0.000000
vn 0.000000 1.000000 0.000000
vn 0.000000 1.000000 0.000000
vn 0.000000 1.000000 0.000000
vn 0.000000 1.000000 0.000000
vn 0.000000 1.000000 0.000000
vn 0.000000 1.000000 0.000000
vn 0.000000 1.000000 0.000000
vn 0.000000 1.000000 0.000000
vn 0.000000 1.000000 0.000000
vn 0.000000 1.000000 0.000000
vn 0.000000 1.000000 0.000000
vn 0.000000 1.000000 0.000000
vn 0.000000 1.000000 0.000000
vn 0.000000 1.000000 0.000000
vn 0.000000 1.000000 0.000000
vn 0.000000 1.000000 0.000000
vn 0.000000 1.000000 0.000000
vn 0.000000 1.000000 0.000000
vn 0.000000 1.000000 0.000000
vn 0.000000 1.000000 0.000000
vn 0.000000 1.000000 0.000000
vn 0.000000 1.000000 0.000000
vn 0.000000 1.000000 0.000000
vn 0.000000 1.000000 0.000000
vn 0.000000 1.000000 0.000000
vn 0.000000 1.000000 0.000000
vn 0.000000 1.000000 0.000000
vn 0.000000 1.000000 0.000000
vn 0.000000 1.000000 0.000000
vn 0.000000 1.000000 0.000000
vn 0.000000 1.000000 0.000000
vn 0.000000 1.000000 0.000000
vn 0.000000 1.000000 0.000000
vn 0.000000 1.000000 0.000000
vn 0.000000 1.000000 0.000000
vn 0.000000 1.000000 0.000000
vn 0.000000 1.000000 0.000000
vn 0.000000 1.000000 0.000000
vn 0.000000 1.000000 0.000000
vn 0.000000 1.000000 0.000000
vn 0.000000 1.000000 0.000000
vn 0.000000 1.000000 0.000000
vn 0.000000 1.000000 0.000000
vn 0.000000 1.000000 0.000000
vn 0.000000 1.000000 0.000000
vn 0.000000 1.000000 0.000000
vn 0.000000 1.000000 0.000000
vn 0.000000 1.000000 0.000000
vn 0.000000 1.000000 0.000000
vn 0.000000 1.000000 0.000000
vn 0.000000 1.000000 0.000000
vn 0.000000 1.000000 0.000000
vn 0.000000 1.000000 0.000000
vn 0.000000 1.000000 0.000000
vn 0.000000 1.000000 0.000000
vn 0.000000 1.000000 0.000000
vn 0.000000 1.000000 0.000000
vn 0.000000 1.000000 0.000000
vn 0.000000 1.000000 0.000000
vn 0.000000 1.000000 0.000000
vn 0.000000 1.000000 0.000000
vn 0.000000 1.000000 0.000000
vn 0.000000 1.000000 0.000000
vn 0.000000 1.000000 0.000000
vn 0.000000 1.000000 0.000000
vn 0.000000 1.000000 0.000000
vn 0.000000 1.000000 0.000000
vn 0.000000 1.000000 0.000000
vn 0.000004 -0.087164 -0.996194
vn 0.000000 -0.087199 -0.996191
vn 0.000000 -0.087199 -0.996191
vn -0.000005 -0.087164 -0.996194
vn 0.000000 -0.087199 -0.996191
vn 0.766046 0.640339 -0.056028
vn 0.766048 0.640340 -0.056003
vn -0.000006 0.087155 0.996195
vn 0.000000 0.087199 0.996191
vn -0.000002 0.087161 0.996194
vn 0.000000 0.087199 0.996191
vn 0.000000 0.087199 0.996191
vn 0.642808 -0.763109 0.066801
vn 0.642784 -0.763133 0.066763
vn 0.642808 -0.763109 0.066801
vn 0.766048 0.640340 -0.056003
vn 0.766043 0.640343 -0.056027
vn 0.766048 0.640340 -0.056003
vn -0.642808 0.763109 -0.066801
vn -0.059402 0.966832 -0.248408
vn -0.059392 0.966838 -0.248388
vn -0.059402 0.966832 -0.248408
vn -0.336826 -0.253645 -0.906759
vn 0.939700 -0.029800 -0.340700
vn 0.939700 -0.029800 -0.340700
vn 0.336794 0.253596 0.906785
vn 0.336794 0.253596 0.906785
vn -0.939694 0.029811 0.340715
vn -0.939700 0.029800 0.340700
vn -0.336827 -0.253645 -0.906759
vn -0.336794 -0.253596 -0.906785
vn -0.336794 -0.253596 -0.906785
vn -0.939700 0.029800 0.340700
vn 0.464930 0.238378 0.852652
vn 0.464930 0.238378 0.852652
vn 0.464930 0.238378 0.852652
vn 0.464930 0.238378 0.852652
vn 0.921511 -0.041956 -0.386079
vn 0.921511 -0.041956 -0.386079
vn 0.921511 -0.041956 -0.386079
vn 0.921511 -0.041956 -0.386079
s 1
g statue_pirate
usemtl statue_extra_male_001:PN_Material
f 3/36/1 1/32/2 4/59/3
f 4/59/3 1/32/2 2/2/4 5/62/5
f 6/1/6 5/62/5 2/2/4
f 4/59/3 8/58/7 7/38/8 3/36/1
s off
f 72/64/9 69/148/10 70/147/11 71/145/12
s 1
f 6/1/6 10/7/13 9/63/14 5/62/5
f 12/9/15 11/40/16 8/58/7 9/63/14
f 11/40/16 7/38/8 8/58/7
f 10/7/13 12/9/15 9/63/14
s 2
f 38/121/17 37/122/18 39/123/19 40/124/20
s 3
f 15/144/21 13/143/22 14/141/23 16/142/24
s 4
f 42/125/25 41/126/26 43/127/27 44/128/28
s 5
f 19/131/29 17/132/30 20/67/31
f 20/67/31 17/132/30 18/12/32 21/70/33
f 22/10/34 21/70/33 18/12/32
f 20/67/31 24/66/35 23/133/36 19/131/29
s off
f 76/135/37 73/136/38 74/137/39 75/138/40
s 5
f 22/10/34 26/8/41 25/71/42 21/70/33
f 28/4/43 27/134/44 24/66/35 25/71/42
f 27/134/44 23/133/36 24/66/35
f 26/8/41 28/4/43 25/71/42
s 6
f 6/1/45 2/2/46 30/3/47
f 30/3/47 2/2/46 28/4/48 29/5/49
f 26/8/50 29/5/49 28/4/48
f 29/5/49 26/8/50 22/10/51 31/11/52
s off
f 77/13/53 78/14/54 79/15/55 80/16/56
s 6
f 6/1/45 30/3/47 32/6/57 10/7/58
f 22/10/51 18/12/59 31/11/52
f 31/11/52 18/12/59 12/9/60 32/6/57
f 10/7/58 32/6/57 12/9/60
s 7
f 50/17/61 52/18/62 51/19/63 49/20/64
s off
f 59/25/65 60/26/66 57/27/67 58/28/68
s 8
f 23/29/69 27/30/70 33/31/71
f 33/31/71 27/30/70 1/32/72 34/33/73
f 3/36/74 34/33/73 1/32/72
f 33/31/71 35/34/75 19/35/76 23/29/69
s off
f 84/41/77 81/42/78 82/43/79 83/44/80
s 8
f 3/36/74 7/38/81 36/39/82 34/33/73
f 11/40/83 17/37/84 35/34/75 36/39/82
f 17/37/84 19/35/76 35/34/75
f 7/38/81 11/40/83 36/39/82
s 9
f 62/45/85 61/46/86 63/47/87 64/48/88
s off
f 48/53/89 45/54/90 46/55/91 47/56/92
s 10
f 37/89/93 11/90/94 12/91/95 39/92/96
s 9
f 64/48/88 63/47/87 65/51/97 66/52/98
s 7
f 51/19/63 52/18/62 53/21/99 54/22/100
s 3
f 38/79/101 40/80/102 14/75/23 13/74/22
f 41/83/103 15/73/21 16/76/24 43/84/104
s 9
f 61/46/86 62/45/85 67/49/105 68/50/106
s 7
f 50/17/61 49/20/64 55/23/107 56/24/108
s 10
f 42/101/109 44/103/110 18/100/111 17/98/112
s 3
f 50/81/113 16/76/24 14/75/23 52/82/114
s 10
f 49/99/115 51/95/116 12/91/95 18/100/111
s 3
f 14/75/23 40/80/102 53/87/117 52/82/114
s 2
f 40/124/20 39/123/19 54/22/118 53/21/119
s 10
f 39/92/96 12/91/95 51/95/116 54/96/120
f 18/100/111 44/103/110 55/104/121 49/99/115
s 4
f 44/128/28 43/127/27 56/24/122 55/23/123
s 3
f 43/84/104 16/76/24 50/81/113 56/88/124
s 12
f 48/105/125 59/106/126 27/107/127 28/108/128
f 27/107/127 59/106/126 58/109/129 1/110/130
f 1/110/130 58/109/129 45/112/131 2/111/132
f 2/111/132 45/112/131 48/105/125 28/108/128
s off
f 58/139/133 57/140/134 46/55/135 45/54/136
f 47/56/137 60/26/138 59/25/139 48/53/140
s 10
f 61/97/141 17/98/112 11/90/94 63/94/142
s 3
f 62/77/143 64/78/144 13/74/22 15/73/21
s 10
f 11/90/94 37/89/93 65/93/145 63/94/142
s 2
f 37/122/18 38/121/17 66/52/146 65/51/147
s 3
f 38/79/101 13/74/22 64/78/144 66/85/148
f 15/73/21 41/83/103 67/86/149 62/77/143
s 4
f 41/126/26 42/125/25 68/129/150 67/130/151
s 10
f 42/101/109 17/98/112 61/97/141 68/102/152
s off
f 69/57/153 8/58/154 4/59/155 70/60/156
f 70/60/157 4/59/158 5/62/159 71/61/160
f 71/61/161 5/62/162 9/63/163 72/146/164
f 72/146/165 9/63/166 8/58/167 69/57/168
f 73/65/169 24/66/170 20/67/171 74/68/172
f 74/68/173 20/67/174 21/70/175 75/69/176
f 75/69/177 21/70/178 25/71/179 76/72/180
f 76/72/181 25/71/182 24/66/183 73/65/184
f 77/116/185 32/6/186 30/3/187 78/113/188
f 78/113/189 30/3/190 29/5/191 79/114/192
f 79/114/193 29/5/194 31/11/195 80/115/196
f 80/115/197 31/11/198 32/6/199 77/116/200
f 81/120/201 35/34/202 33/31/203 82/117/204
f 82/117/205 33/31/206 34/33/207 83/118/208
f 83/118/209 34/33/210 36/39/211 84/119/212
f 84/119/213 36/39/214 35/34/215 81/120/216
f 85/149/217 86/150/218 88/151/219 87/152/220
f 87/152/221 88/151/222 90/153/223 89/154/224
f 89/154/225 90/153/226 92/155/227 91/156/228
f 91/156/229 92/155/230 86/157/231 85/158/232
f 86/150/233 92/159/234 90/160/235 88/151/236
f 91/161/237 85/149/238 87/152/239 89/162/240
f 93/163/241 94/164/242 96/165/243 95/166/244
f 95/166/245 96/165/246 98/167/247 97/168/248
f 97/168/249 98/167/250 100/169/251 99/170/252
f 99/170/253 100/169/254 94/171/255 93/172/256
f 94/164/257 100/173/258 98/174/259 96/165/260
f 99/175/261 93/163/262 95/166/263 97/176/264
f 101/177/265 102/178/266 104/179/267 103/180/268
f 103/180/269 104/179/270 106/181/271 105/182/272
f 105/182/273 106/181/274 108/183/275 107/184/276
f 107/184/277 108/183/278 102/185/279 101/186/280
f 102/178/281 108/187/282 106/188/283 104/179/284
f 107/189/285 101/177/286 103/180/287 105/190/288
f 109/191/289 110/192/290 112/193/291 111/194/292
f 111/194/293 112/193/294 114/195/295 113/196/296
f 113/196/297 114/195/298 116/197/299 115/198/300
f 115/198/301 116/197/302 110/199/303 109/200/304
f 110/192/305 116/201/306 114/202/307 112/193/308
f 115/203/309 109/191/310 111/194/311 113/204/312
f 117/205/313 118/206/314 120/207/315 119/208/316
f 119/208/317 120/207/318 122/209/319 121/210/320
f 121/210/321 122/209/322 124/211/323 123/212/324
f 123/212/325 124/211/326 118/213/327 117/214/328
f 118/206/329 124/215/330 122/216/331 120/207/332
f 123/217/333 117/205/334 119/208/335 121/218/336
f 125/219/337 126/220/338 128/221/339 127/222/340
f 127/222/341 128/221/342 130/223/343 129/224/344
f 129/224/345 130/223/346 132/225/347 131/226/348
f 131/226/349 132/225/350 126/227/351 125/228/352
f 126/220/353 132/229/354 130/230/355 128/221/356
f 131/231/357 125/219/358 127/222/359 129/232/360
f 133/233/361 134/234/362 136/235/363 135/236/364
f 135/236/365 136/235/366 138/237/367 137/238/368
f 137/238/369 138/237/370 140/239/371 139/240/372
f 139/240/373 140/239/374 134/241/375 133/242/376
f 134/234/377 140/243/378 138/244/379 136/235/380
f 139/245/381 133/233/382 135/236/383 137/246/384
f 154/247/385 141/248/386 148/249/387 152/250/388
f 152/251/389 148/252/390 142/253/391 150/254/392
f 152/251/393 150/254/394 149/255/395 143/256/396
f 144/257/397 155/258/398 156/259/399 153/260/400
f 145/261/401 144/262/402 153/263/403 146/264/404
f 151/265/405 146/264/406 153/263/407 147/266/408
f 148/249/409 141/248/410 155/258/411 144/257/412
f 142/253/413 148/252/414 144/262/415 145/261/416
f 146/264/417 149/255/418 150/254/419
f 151/265/420 149/255/421 146/264/422
f 156/259/423 154/247/424 152/250/425 153/260/426
f 153/263/427 152/251/428 143/256/429 147/266/430
f 155/258/431 141/248/432 154/247/433 156/259/434
f 150/254/435 142/253/436 145/261/437 146/264/438
f 149/255/439 151/265/440 143/256/441
f 143/256/442 151/265/443 147/266/444
f 166/267/445 163/268/446 162/269/447 157/270/448
f 158/271/449 164/272/450 171/273/451 172/274/452
f 165/275/453 159/276/454 170/277/455 160/278/456
f 169/279/457 167/280/458 168/281/459 161/282/460
f 162/269/461 163/268/462 167/280/463 169/279/464
f 171/273/465 164/272/466 159/276/467 165/275/468
f 170/277/469 158/271/470 172/274/471 160/278/472
f 168/281/473 166/267/474 157/270/475 161/282/476
f 166/267/477 167/280/478 163/268/479
f 168/281/480 167/280/481 166/267/482
f 164/283/483 162/269/484 169/279/485 159/284/486
f 162/269/487 164/283/488 158/285/489 157/270/490
f 170/286/491 159/284/492 169/279/493 161/282/494
f 157/270/495 158/285/496 170/286/497 161/282/498
f 171/273/499 165/275/500 172/274/501
f 172/274/502 165/275/503 160/278/504
f 177/287/505 176/288/506 179/289/507 173/290/508
f 180/291/509 175/292/510 178/293/511 174/294/512
f 179/289/513 176/288/514 175/292/515 180/291/516
f 178/293/517 177/287/518 173/290/519 174/294/520
f 177/287/521 175/292/522 176/288/523
f 178/293/524 175/292/525 177/287/526
f 179/289/527 180/291/528 173/290/529
f 173/290/530 180/291/531 174/294/532
f 194/295/533 181/296/534 188/297/535 192/298/536
f 192/299/537 188/300/538 182/301/539 190/302/540
f 192/299/541 190/302/542 189/303/543 183/304/544
f 184/305/545 195/306/546 196/307/547 193/308/548
f 185/309/549 184/310/550 193/311/551 186/312/552
f 191/313/553 186/312/554 193/311/555 187/314/556
f 188/297/557 181/296/558 195/306/559 184/305/560
f 182/301/561 188/300/562 184/310/563 185/309/564
f 189/303/565 190/302/566 186/312/567 191/313/568
f 196/307/569 194/295/570 192/298/571 193/308/572
f 193/311/573 192/299/574 183/304/575 187/314/576
f 195/306/577 181/296/578 194/295/579 196/307/580
f 190/302/581 182/301/582 185/309/583 186/312/584
f 189/303/585 191/313/586 183/304/587
f 183/304/588 191/313/589 187/314/590
f 206/315/591 203/316/592 202/317/593 197/318/594
f 198/319/595 204/320/596 211/321/597 212/322/598
f 205/323/599 199/324/600 210/325/601 200/326/602
f 209/327/603 207/328/604 208/329/605 201/330/606
f 202/317/607 203/316/608 207/328/609 209/327/610
f 211/321/611 204/320/612 199/324/613 205/323/614
f 198/319/615 212/322/616 210/325/617
f 210/325/618 212/322/619 200/326/620
f 208/329/621 206/315/622 197/318/623 201/330/624
f 206/315/625 207/328/626 203/316/627
f 208/329/628 207/328/629 206/315/630
f 202/317/631 209/327/632 204/331/633
f 204/331/634 209/327/635 199/332/636
f 202/317/637 204/331/638 198/333/639 197/318/640
f 199/332/641 209/327/642 210/334/643
f 197/318/644 198/333/645 210/334/646 201/330/647
f 210/334/648 209/327/649 201/330/650
f 212/322/651 211/321/652 205/323/653 200/326/654
f 217/335/655 216/336/656 219/337/657 213/338/658
f 215/339/659 218/340/660 220/341/661
f 220/341/662 218/340/663 214/342/664
f 219/337/665 216/336/666 215/339/667 220/341/668
f 218/340/669 217/335/670 213/338/671 214/342/672
f 215/339/673 216/336/674 217/335/675 218/340/676
f 213/338/677 219/337/678 220/341/679 214/342/680
f 227/343/681 225/344/682 224/345/683
f 221/346/684 225/344/685 227/343/686
f 228/347/687 223/348/688 226/349/689 222/350/690
f 227/343/691 224/345/692 223/348/693 228/347/694
f 226/349/695 225/344/696 221/346/697 222/350/698
f 225/344/699 223/348/700 224/345/701
f 226/349/702 223/348/703 225/344/704
f 221/346/705 227/343/706 228/347/707 222/350/708
f 296/351/709 229/352/710 254/353/711 297/354/712
f 297/355/713 254/356/714 230/357/715 231/358/716
f 300/359/717 233/360/718 232/361/719 234/362/720
f 265/363/721 302/364/722 266/365/723
f 235/366/724 302/364/725 265/363/726
f 236/367/727 235/368/728 265/369/729
f 267/370/730 236/367/731 265/369/732
f 316/371/733 236/367/734 267/370/735
f 287/372/736 237/373/737 269/374/738 288/375/739
f 288/376/740 269/377/741 268/378/742 238/379/743
f 292/380/744 310/381/745 239/382/746
f 240/383/747 292/380/748 239/382/749
f 241/384/750 292/380/751 240/383/752
f 293/385/753 242/386/754 275/387/755
f 271/388/756 293/385/757 275/387/758
f 243/389/759 293/385/760 271/388/761
f 258/390/762 281/391/763 244/392/764
f 258/390/765 244/392/766 259/393/767
f 259/393/768 244/392/769 308/394/770
f 264/395/771 309/396/772 282/397/773
f 245/398/774 264/395/775 282/397/776 283/399/777
f 312/400/778 246/401/779 284/402/780 247/403/781
f 305/404/782 289/405/783 291/406/784
f 248/407/785 305/404/786 291/406/787 290/408/788
f 248/409/789 290/410/790 249/411/791 250/412/792
f 250/412/793 249/411/794 251/413/795
f 307/414/796 294/415/797 301/416/798 295/417/799
f 279/418/800 306/419/801 298/420/802 299/421/803
f 280/422/804 279/423/805 299/424/806 252/425/807
f 253/426/808 254/353/809 229/352/810 258/390/811
f 253/427/812 230/357/813 254/356/814
f 255/428/815 230/357/816 253/427/817
f 256/429/818 230/357/819 255/428/820
f 257/430/821 230/357/822 256/429/823
f 258/390/824 255/431/825 253/426/826
f 259/393/827 255/431/828 258/390/829
f 257/432/830 256/433/831 260/434/832 261/435/833
f 260/436/834 256/429/835 255/428/836
f 230/357/837 257/430/838 261/437/839 263/438/840
f 262/439/841 260/436/842 255/428/843
f 262/440/844 255/431/845 259/393/846
f 261/437/847 260/436/848 262/439/849 263/438/850
f 264/395/851 262/440/852 259/393/853
f 263/441/854 262/440/855 264/395/856 245/398/857
f 246/442/858 265/363/859 266/365/860
f 267/370/861 265/369/862 246/401/863 312/400/864
f 246/442/865 266/365/866 303/443/867 313/444/868
f 267/370/869 312/400/870 311/445/871 315/446/872
f 237/373/873 313/447/874 303/448/875 305/404/876
f 315/449/877 311/450/878 268/378/879 250/412/880
f 269/374/881 237/373/882 305/404/883 248/407/884
f 268/378/885 269/377/886 248/409/887 250/412/888
f 240/383/889 239/382/890 270/451/891 318/452/892
f 270/451/893 239/382/894 271/388/895 276/453/896
f 272/454/897 318/455/898 270/456/899
f 273/457/900 318/455/901 272/454/902
f 271/388/903 275/387/904 274/458/905 276/453/906
f 272/454/907 270/456/908 276/459/909 277/460/910
f 273/461/911 272/462/912 277/463/913 278/464/914
f 278/465/915 318/455/916 273/457/917
f 274/458/918 275/387/919 306/419/920 279/418/921
f 279/423/922 277/460/923 276/459/924
f 279/423/925 276/459/926 274/466/927
f 279/423/928 278/465/929 277/460/930
f 280/422/931 318/455/932 278/465/933
f 280/422/934 278/465/935 279/423/936
f 281/467/937 232/361/938 233/360/939
f 309/468/940 308/469/941 244/470/942
f 302/471/943 281/467/944 233/360/945
f 302/471/946 244/472/947 281/467/948
f 235/473/949 282/474/950 309/468/951
f 235/475/952 244/472/953 302/471/954
f 235/473/955 309/468/956 244/470/957
f 236/476/958 283/477/959 282/478/960
f 236/479/961 282/474/962 235/473/963
f 316/480/964 283/477/965 236/476/966
f 304/481/967 302/471/968 233/360/969
f 247/482/970 284/483/971 314/484/972 285/485/973
f 286/486/974 283/477/975 316/480/976
f 287/487/977 285/485/978 314/484/979
f 288/488/980 285/485/981 287/487/982
f 238/489/983 285/485/984 288/488/985
f 289/490/986 304/481/987 233/360/988
f 251/491/989 283/477/990 286/486/991
f 249/492/992 290/493/993 310/494/994 292/495/995
f 310/494/996 290/493/997 291/496/998
f 292/497/999 251/491/1000 249/498/1001
f 241/499/1002 283/477/1003 251/491/1004
f 241/499/1005 251/491/1006 292/497/1007
f 242/500/1008 289/490/1009 233/360/1010
f 291/501/1011 289/490/1012 242/500/1013 293/502/1014
f 310/494/1015 291/496/1016 293/503/1017 243/504/1018
f 294/415/1019 242/500/1020 233/360/1021
f 307/414/1022 242/500/1023 294/415/1024
f 301/416/1025 300/359/1026 234/362/1027 295/417/1028
f 298/420/1029 296/351/1030 297/354/1031 299/421/1032
f 299/424/1033 297/355/1034 231/358/1035 252/425/1036
f 294/415/1037 233/360/1038 300/359/1039 301/416/1040
f 232/505/1041 258/390/1042 229/352/1043
f 281/391/1044 258/390/1045 232/505/1046
f 303/443/1047 266/365/1048 302/364/1049 304/506/1050
f 305/404/1051 303/448/1052 304/507/1053 289/405/1054
f 306/419/1055 275/387/1056 242/386/1057 307/508/1058
f 234/509/1059 232/505/1060 229/352/1061
f 306/419/1062 307/508/1063 295/510/1064 298/420/1065
f 296/351/1066 234/509/1067 229/352/1068
f 295/510/1069 234/509/1070 296/351/1071 298/420/1072
f 308/394/1073 264/395/1074 259/393/1075
f 309/396/1076 264/395/1077 308/394/1078
f 271/388/1079 239/382/1080 310/381/1081 243/389/1082
f 311/445/1083 312/400/1084 247/403/1085 285/511/1086
f 268/378/1087 311/450/1088 285/512/1089 238/379/1090
f 284/513/1091 246/442/1092 313/444/1093 314/514/1094
f 314/515/1095 313/447/1096 237/373/1097 287/372/1098
f 316/371/1099 267/370/1100 315/446/1101 286/516/1102
f 286/517/1103 315/449/1104 250/412/1105 251/413/1106
f 230/357/1107 263/438/1108 317/518/1109
f 263/441/1110 245/398/1111 317/519/1112
f 317/519/1113 245/398/1114 283/399/1115
f 240/383/1116 318/452/1117 241/384/1118
f 318/455/1119 280/422/1120 319/520/1121
f 241/384/1122 318/452/1123 319/521/1124
f 283/477/1125 241/499/1126 320/522/1127
f 317/518/1128 283/523/1129 320/524/1130
f 241/525/1131 319/520/1132 321/526/1133
f 320/522/1134 241/499/1135 321/527/1136
f 317/518/1137 320/524/1138 231/358/1139
f 230/357/1140 317/518/1141 231/358/1142
f 320/524/1143 321/526/1144 231/358/1145
f 319/520/1146 280/422/1147 252/425/1148
f 231/358/1149 321/526/1150 252/425/1151
f 321/526/1152 319/520/1153 252/425/1154
f 322/528/1155 323/529/1156 330/530/1157
f 324/531/1158 323/529/1159 322/528/1160
f 327/532/1161 325/533/1162 326/534/1163 333/535/1164
f 322/528/1165 330/530/1166 329/536/1167 332/537/1168
f 332/538/1169 329/539/1170 325/533/1171 327/532/1172
f 323/529/1173 324/531/1174 331/540/1175
f 331/540/1176 324/531/1177 328/541/1178
f 326/534/1179 331/542/1180 328/543/1181 333/535/1182
f 329/536/1183 330/530/1184 323/529/1185 331/540/1186
f 325/533/1187 329/539/1188 331/542/1189 326/534/1190
f 324/531/1191 322/528/1192 332/537/1193 328/541/1194
f 328/543/1195 332/538/1196 327/532/1197 333/535/1198
s 13
f 338/544/1199 337/545/1200 928/546/1201
f 337/545/1200 935/547/1202 943/548/1203 928/546/1201
f 942/549/1204 943/550/1203 935/551/1202 340/552/1205
s 14
f 929/553/1206 939/554/1207 938/555/1208 937/556/1209 336/557/1210 339/558/1211
s 15
f 341/559/1212 933/560/1213 936/561/1214 937/556/1215 938/555/1216
s 16
f 339/558/1217 930/562/1218 931/563/1219 929/553/1220
s off
f 338/544/1221 336/557/1222 934/564/1223 337/545/1224
f 339/558/1225 336/557/1226 338/544/1227 930/562/1228
s 17
f 940/565/1229 941/566/1230 933/560/1231 341/559/1232
s off
f 348/567/1233 346/568/1234 345/569/1235
f 342/570/1236 346/568/1237 348/567/1238
f 349/571/1239 344/572/1240 347/573/1241 343/574/1242
f 344/572/1243 348/567/1244 345/569/1245
f 349/571/1246 348/567/1247 344/572/1248
f 347/573/1249 346/568/1250 342/570/1251 343/574/1252
f 344/572/1253 345/569/1254 346/568/1255 347/573/1256
f 342/570/1257 348/567/1258 349/571/1259 343/574/1260
f 356/575/1261 354/576/1262 353/577/1263
f 350/578/1264 354/576/1265 356/575/1266
f 352/579/1267 355/580/1268 357/581/1269
f 357/581/1270 355/580/1271 351/582/1272
f 352/579/1273 356/575/1274 353/577/1275
f 357/581/1276 356/575/1277 352/579/1278
f 355/580/1279 354/576/1280 350/578/1281 351/582/1282
f 352/579/1283 353/577/1284 354/576/1285 355/580/1286
f 350/578/1287 356/575/1288 357/581/1289 351/582/1290
f 358/583/1291 359/584/1292 381/585/1293 363/586/1294
f 360/587/1295 359/588/1296 358/589/1297 361/590/1298
f 362/591/1299 360/592/1300 361/593/1301 364/594/1302
f 361/593/1303 358/583/1304 363/586/1305 364/594/1306
f 434/595/1307 401/596/1308 439/597/1309 445/598/1310
f 438/599/1311 365/600/1312 366/601/1313
f 440/602/1314 365/600/1315 438/599/1316
f 455/603/1317 367/604/1318 450/605/1319
f 456/606/1320 367/604/1321 455/603/1322
f 369/607/1323 370/608/1324 368/609/1325 371/610/1326
f 368/609/1327 436/611/1328 452/612/1329 371/610/1330
f 373/613/1331 372/614/1332 422/615/1333 421/616/1334
f 451/617/1335 374/618/1336 373/613/1337 421/616/1338
f 375/619/1339 423/620/1340 424/621/1341 457/622/1342
f 435/623/1343 420/624/1344 398/625/1345
f 398/625/1346 420/624/1347 441/626/1348
f 376/627/1349 425/628/1350 443/629/1351
f 443/629/1352 425/628/1353 446/630/1354
f 442/631/1355 444/632/1356 377/633/1357
f 444/634/1358 447/635/1359 377/636/1360
f 447/637/1361 448/638/1362 378/639/1363
f 377/636/1364 447/635/1365 378/640/1366
f 442/631/1367 377/633/1368 453/641/1369
f 377/633/1370 378/639/1371 453/641/1372
f 378/639/1373 448/638/1374 379/642/1375
f 453/641/1376 378/639/1377 379/642/1378
f 363/586/1379 381/585/1380 380/643/1381 449/644/1382
f 380/643/1383 381/585/1384 438/599/1385 383/645/1386
f 438/599/1387 366/601/1388 382/646/1389 383/645/1390
f 449/647/1391 380/648/1392 383/649/1393 389/650/1394
f 383/649/1395 382/651/1396 384/652/1397 385/653/1398
f 386/654/1399 384/652/1400 382/651/1401 388/655/1402
f 385/656/1403 384/657/1404 386/658/1405 387/659/1406
f 383/649/1407 385/653/1408 387/660/1409 389/650/1410
f 388/661/1411 382/646/1412 366/601/1413 374/618/1414
f 387/660/1415 386/654/1416 388/655/1417 389/650/1418
f 389/662/1419 388/661/1420 374/618/1421 451/617/1422
f 452/612/1423 436/611/1424 390/663/1425 391/664/1426
f 391/665/1427 390/666/1428 392/667/1429 393/668/1430
f 394/669/1431 392/667/1432 390/666/1433 396/670/1434
f 393/671/1435 392/672/1436 394/673/1437 395/674/1438
f 391/665/1439 393/668/1440 395/675/1441 397/676/1442
f 396/677/1443 390/663/1444 436/611/1445 435/623/1446
f 395/675/1447 394/669/1448 396/670/1449 397/676/1450
f 397/678/1451 396/677/1452 435/623/1453 398/625/1454
f 391/665/1455 397/676/1456 399/679/1457 400/680/1458
f 399/681/1459 397/678/1460 398/625/1461 442/631/1462
f 400/682/1463 399/681/1464 442/631/1465 453/641/1466
f 439/597/1467 401/596/1468 365/683/1469 440/684/1470
f 402/685/1471 365/683/1472 401/596/1473
f 403/686/1474 365/683/1475 402/685/1476
f 404/687/1477 365/683/1478 403/686/1479
f 405/688/1480 365/683/1481 404/687/1482
f 406/689/1483 402/685/1484 401/596/1485 410/690/1486
f 403/691/1487 402/692/1488 406/693/1489 407/694/1490
f 404/687/1491 403/686/1492 407/695/1493 408/696/1494
f 405/697/1495 404/698/1496 408/699/1497 409/700/1498
f 365/683/1499 405/688/1500 409/701/1501 411/702/1502
f 410/690/1503 408/696/1504 407/695/1505
f 410/690/1506 407/695/1507 406/689/1508
f 410/690/1509 409/701/1510 408/696/1511
f 411/702/1512 409/701/1513 410/690/1514
f 411/703/1515 410/704/1516 372/614/1517 373/613/1518
f 368/609/1519 370/608/1520 430/705/1521 437/706/1522
f 437/707/1523 430/708/1524 412/709/1525 413/710/1526
f 414/711/1527 437/707/1528 413/710/1529
f 415/712/1530 437/707/1531 414/711/1532
f 416/713/1533 412/709/1534 430/708/1535 376/627/1536
f 413/714/1537 412/715/1538 416/716/1539 417/717/1540
f 414/711/1541 413/710/1542 417/718/1543 418/719/1544
f 415/720/1545 414/721/1546 418/722/1547 419/723/1548
f 437/707/1549 415/712/1550 419/724/1551 420/725/1552
f 420/725/1553 418/719/1554 417/718/1555 416/713/1556 376/627/1557
f 420/725/1558 419/724/1559 418/719/1560
f 441/726/1561 420/725/1562 376/627/1563 443/629/1564
f 421/616/1565 455/603/1566 450/605/1567
f 421/727/1568 422/728/1569 369/729/1570 371/730/1571
s 18
f 455/603/1572 421/616/1573 371/610/1574 375/619/1575
f 423/620/1576 375/619/1575 371/610/1574
s off
f 367/604/1577 456/606/1578 424/621/1579
f 424/621/1580 456/606/1581 457/622/1582
f 425/628/1583 434/595/1584 445/598/1585 446/630/1586
f 426/731/1587 362/591/1588 364/594/1589 427/732/1590
f 362/591/1591 426/731/1592 428/733/1593 448/638/1594
f 428/734/1595 426/735/1596 427/736/1597 454/737/1598
f 448/638/1599 428/733/1600 454/738/1601 379/642/1602
f 429/739/1603 410/690/1604 401/596/1605
f 429/740/1606 372/614/1607 410/704/1608
f 422/615/1609 372/614/1610 429/740/1611
f 369/607/1612 430/705/1613 370/608/1614
f 431/741/1615 376/627/1616 430/708/1617
f 431/742/1618 430/705/1619 369/607/1620
f 432/743/1621 369/729/1622 422/728/1623
f 432/744/1624 422/745/1625 429/739/1626
f 433/746/1627 431/741/1628 369/747/1629
f 433/748/1630 369/729/1631 432/743/1632
f 434/595/1633 432/744/1634 429/739/1635
f 434/595/1636 429/739/1637 401/596/1638
f 434/595/1639 433/746/1640 432/744/1641
f 425/628/1642 376/627/1643 431/741/1644
f 425/628/1645 433/746/1646 434/595/1647
f 425/628/1648 431/741/1649 433/746/1650
f 365/600/1651 374/618/1652 366/601/1653
f 411/703/1654 374/618/1655 365/600/1656
f 373/613/1657 374/618/1658 411/703/1659
f 368/609/1660 435/623/1661 436/611/1662
f 437/706/1663 435/623/1664 368/609/1665
f 420/624/1666 435/623/1667 437/706/1668
f 359/584/1669 438/599/1670 381/585/1671
f 439/749/1672 438/599/1673 359/584/1674
f 440/602/1675 438/599/1676 439/749/1677
f 441/626/1678 442/631/1679 398/625/1680
f 443/750/1681 442/631/1682 441/626/1683
f 444/632/1684 442/631/1685 443/750/1686
f 439/597/1687 359/588/1688 360/587/1689 445/598/1690
f 446/630/1691 444/634/1692 443/629/1693
f 447/635/1694 444/634/1695 446/630/1696
f 362/591/1697 445/751/1698 360/592/1699
s 19
f 445/751/1700 362/591/1701 448/638/1702 446/752/1703
f 447/637/1704 446/752/1703 448/638/1702
s off
f 449/647/1705 389/650/1706 450/753/1707
f 450/605/1708 389/662/1709 451/617/1710 421/616/1711
f 371/610/1712 452/612/1713 391/664/1714 423/620/1715
f 391/665/1716 400/680/1717 423/754/1718
f 449/647/1719 450/753/1720 367/755/1721 427/736/1722
f 424/756/1723 423/754/1724 400/680/1725 454/737/1726
f 364/594/1727 363/586/1728 449/644/1729 427/732/1730
f 367/755/1731 424/756/1732 427/736/1733
f 454/738/1734 400/682/1735 453/641/1736 379/642/1737
f 427/736/1738 424/756/1739 454/737/1740
f 456/606/1741 455/603/1742 375/619/1743 457/622/1744
f 459/757/1745 466/758/1746 458/759/1747 460/760/1748
f 461/761/1749 462/762/1750 463/763/1751
f 463/763/1752 462/762/1753 469/764/1754
f 458/759/1755 466/758/1756 465/765/1757 468/766/1758
f 468/767/1759 465/768/1760 461/761/1761 463/763/1762
f 467/769/1763 459/757/1764 460/760/1765 464/770/1766
f 462/762/1767 467/771/1768 464/772/1769 469/764/1770
f 459/757/1771 465/765/1772 466/758/1773
f 467/771/1774 461/761/1775 465/768/1776
f 467/769/1777 465/765/1778 459/757/1779
f 462/762/1780 461/761/1781 467/771/1782
f 460/760/1783 458/759/1784 468/766/1785 464/770/1786
f 464/772/1787 468/767/1788 463/763/1789 469/764/1790
f 595/773/1791 471/774/1792 470/775/1793 472/776/1794
f 596/777/1795 578/778/1796 473/779/1797
f 474/780/1798 599/781/1799 601/782/1800 560/783/1801
f 578/778/1802 596/777/1803 605/784/1804 475/785/1805
f 605/784/1806 474/780/1807 560/783/1808 475/785/1809
f 476/786/1810 559/787/1811 616/788/1812 579/789/1813
f 576/790/1814 587/791/1815 477/792/1816 592/793/1817
f 478/794/1818 587/795/1819 479/796/1820 480/797/1821
f 477/792/1822 587/791/1823 478/798/1824 569/799/1825
f 481/800/1826 478/794/1827 480/797/1828
f 600/801/1829 481/802/1830 480/803/1831 482/804/1832
f 478/794/1833 481/800/1834 600/805/1835 602/806/1836
f 561/807/1837 600/801/1838 482/804/1839
f 583/808/1840 520/809/1841 518/810/1842 588/811/1843
f 483/812/1844 583/813/1845 588/814/1846 590/815/1847
f 484/816/1848 513/817/1849 609/818/1850 485/819/1851
f 603/820/1852 604/821/1853 512/822/1854 486/823/1855
f 617/824/1856 487/825/1857 556/826/1858 555/827/1859
f 618/828/1860 617/824/1861 555/827/1862 572/829/1863
f 488/830/1864 489/831/1865 622/832/1866 623/833/1867
f 582/834/1868 580/835/1869 565/836/1870
f 584/837/1871 580/835/1872 582/834/1873
f 571/838/1874 580/835/1875 584/837/1876
f 537/839/1877 517/840/1878 611/841/1879 538/842/1880
f 514/843/1881 490/844/1882 608/845/1883 610/846/1884
f 515/847/1885 491/848/1886 534/849/1887 492/850/1888
f 493/851/1889 581/852/1890 494/853/1891
f 494/853/1892 581/852/1893 495/854/1894
f 495/854/1895 581/852/1896 496/855/1897
f 557/856/1898 497/857/1899 573/858/1900 574/859/1901
f 558/860/1902 614/861/1903 619/862/1904 621/863/1905
f 621/863/1906 619/862/1907 498/864/1908 575/865/1909
f 552/866/1910 551/867/1911 585/868/1912 589/869/1913
f 589/870/1914 585/871/1915 586/872/1916 577/873/1917
f 499/874/1918 516/875/1919 553/876/1920 612/877/1921
f 570/878/1922 500/879/1923 591/880/1924 593/881/1925
f 554/882/1926 500/883/1927 568/884/1928 501/885/1929
f 568/886/1930 500/879/1931 570/878/1932 597/887/1933
f 501/885/1934 568/884/1935 502/888/1936
f 501/889/1937 502/890/1938 563/891/1939
f 563/892/1940 502/888/1941 568/884/1942 567/893/1943
f 613/894/1944 501/889/1945 563/891/1946 562/895/1947
f 620/896/1948 503/897/1949 504/898/1950 505/899/1951
f 594/900/1952 506/901/1953 598/902/1954
f 564/903/1955 566/904/1956 507/905/1957 508/906/1958
f 607/907/1959 598/902/1960 506/901/1961 615/908/1962
f 508/906/1963 507/905/1964 607/907/1965 615/908/1966
f 606/909/1967 509/910/1968 510/911/1969 511/912/1970
s 20
f 514/843/1971 609/818/1972 513/817/1973 512/822/1974
f 490/844/1975 514/843/1971 512/822/1974 604/821/1976
s off
f 490/844/1977 604/821/1978 491/848/1979 515/847/1980
f 611/841/1981 517/840/1982 516/875/1983 499/874/1984
f 518/810/1985 480/797/1986 479/796/1987
f 482/804/1988 480/803/1989 484/913/1990 485/914/1991
f 519/915/1992 518/810/1993 520/809/1994 532/916/1995
f 480/797/1996 518/810/1997 519/915/1998 521/917/1999
f 484/913/2000 480/803/2001 522/918/2002 523/919/2003
f 523/920/2004 522/921/2005 524/922/2006 525/923/2007
f 484/913/2008 523/919/2009 603/924/2010 486/925/2011
f 526/926/2012 524/922/2013 522/921/2014 528/927/2015
f 525/928/2016 524/929/2017 526/930/2018 527/931/2019
f 523/920/2020 525/923/2021 527/932/2022 529/933/2023
f 528/934/2024 522/918/2025 480/803/2026
f 527/932/2027 526/926/2028 528/927/2029 529/933/2030
f 603/924/2031 523/919/2032 529/935/2033 534/936/2034
f 610/937/2035 482/804/2036 485/914/2037
f 521/938/2038 519/939/2039 530/940/2040 531/941/2041
f 530/940/2042 519/939/2043 532/942/2044 533/943/2045
f 534/936/2046 529/935/2047 528/934/2048
f 610/937/2049 608/944/2050 492/945/2051 538/946/2052
f 533/947/2053 532/916/2054 535/948/2055 536/949/2056
s 21
f 535/948/2057 532/916/2058 520/809/2059 551/867/2060
s off
f 530/940/2061 533/943/2062 536/950/2063 539/951/2064
f 492/945/2065 534/936/2066 537/952/2067 538/946/2068
s 22
f 482/804/2069 610/937/2070 538/946/2071 613/894/2072
s off
f 531/953/2073 530/954/2074 539/955/2075 540/956/2076
f 539/951/2077 536/950/2078 535/957/2079 549/958/2080
f 521/938/2081 531/941/2082 540/959/2083 550/960/2084
f 534/936/2085 528/934/2086 541/961/2087 537/952/2088
f 541/961/2089 528/934/2090 480/803/2091 501/889/2092
f 542/962/2093 537/952/2094 541/961/2095
f 542/963/2096 541/964/2097 543/965/2098 544/966/2099
f 545/967/2100 543/965/2101 541/964/2102 547/968/2103
f 544/969/2104 543/970/2105 545/971/2106 546/972/2107
f 542/963/2108 544/966/2109 546/973/2110 548/974/2111
f 501/889/2112 547/975/2113 541/961/2114
f 546/973/2115 545/967/2116 547/968/2117 548/974/2118
f 537/952/2119 542/962/2120 548/976/2121 553/977/2122
s 21
f 549/978/2123 535/948/2057 551/867/2060 552/866/2124
f 554/882/2125 501/885/2126 552/866/2124
f 552/866/2124 501/885/2126 550/979/2127 549/978/2123
s off
f 540/959/2128 539/951/2129 549/958/2130 550/960/2131
f 480/797/2132 521/917/2133 550/979/2134 501/885/2135
f 553/977/2136 548/976/2137 547/975/2138 501/889/2139
s 22
f 613/894/2072 538/946/2071 612/980/2140
s off
f 612/980/2141 553/977/2142 501/889/2143 613/894/2144
f 489/831/2145 555/827/2146 556/826/2147
f 497/857/2148 489/831/2149 556/826/2150 558/860/2151
f 622/832/2152 489/831/2153 497/857/2154 557/856/2155
f 621/863/2156 497/857/2157 558/860/2158
f 559/787/2159 560/783/2160 601/782/2161 600/981/2162
f 559/787/2163 600/981/2164 561/982/2165 616/788/2166
f 616/788/2167 561/982/2168 487/825/2169 617/824/2170
f 619/862/2171 614/861/2172 562/983/2173 503/897/2174
f 508/906/2175 503/897/2176 562/983/2177
f 620/896/2178 619/862/2179 503/897/2180
f 564/903/2181 508/906/2182 562/983/2183 563/984/2184
f 582/834/2185 565/836/2186 493/851/2187 494/853/2188
f 470/775/2189 471/774/2190 599/985/2191 474/986/2192
f 599/985/2193 471/774/2194 478/798/2195 602/987/2196
f 566/988/2197 567/989/2198 568/886/2199 509/910/2200
f 507/990/2201 566/988/2202 509/910/2203 606/909/2204
f 596/777/2205 473/779/2206 477/991/2207 569/992/2208
f 597/993/2209 570/994/2210 594/900/2211 598/902/2212
f 596/995/2213 595/773/2214 472/776/2215 605/996/2216
f 510/911/2217 598/997/2218 607/998/2219 511/912/2220
f 580/835/2221 571/838/2222 581/852/2223
f 581/852/2224 571/838/2225 496/855/2226
f 618/828/2227 572/829/2228 488/830/2229
f 618/828/2230 488/830/2231 573/858/2232 498/864/2233
f 573/858/2234 488/830/2235 623/833/2236 574/859/2237
f 498/864/2238 573/858/2239 575/865/2240
f 576/790/2241 592/793/2242 590/815/2243
f 586/872/2244 483/812/2245 590/815/2246 577/873/2247
s 23
f 577/873/2248 590/815/2249 592/793/2250 593/881/2251
f 591/880/2252 577/873/2248 593/881/2251
s off
f 578/778/2253 475/785/2254 476/786/2255
f 578/778/2256 476/786/2257 504/898/2258 506/901/2259
f 504/898/2260 476/786/2261 579/789/2262 505/899/2263
f 506/901/2264 504/898/2265 615/908/2266
f 580/835/2267 493/851/2268 565/836/2269
f 581/852/2270 493/851/2271 580/835/2272
f 551/867/2273 520/809/2274 582/999/2275 494/1000/2276
f 583/808/2277 582/999/2278 520/809/2279
f 584/1001/2280 582/999/2281 583/808/2282
f 495/1002/2283 551/867/2284 494/1000/2285
f 585/868/2286 551/867/2287 495/1002/2288
f 571/838/2289 584/837/2290 583/813/2291
f 496/855/2292 585/871/2293 495/854/2294
f 483/812/2295 571/838/2296 583/813/2297
f 483/812/2298 496/855/2299 571/838/2300
f 586/872/2301 585/871/2302 496/855/2303 483/812/2304
f 518/810/2305 479/796/2306 587/795/2307 588/811/2308
f 554/882/2309 552/866/2310 589/869/2311 500/883/2312
f 588/814/2313 587/791/2314 576/790/2315 590/815/2316
f 500/879/2317 589/870/2318 577/873/2319 591/880/2320
f 592/1003/2321 477/991/2322 473/779/2323 578/778/2324
f 594/900/2325 570/994/2326 593/1004/2327 506/901/2328
f 593/1004/2329 592/1003/2330 578/778/2331 506/901/2332
f 478/798/2333 471/774/2334 595/773/2335 596/995/2336
f 569/799/2337 478/798/2338 596/995/2339
f 509/910/2340 568/886/2341 597/887/2342 598/997/2343
f 510/911/2344 509/910/2345 598/997/2346
f 600/981/2347 601/782/2348 599/781/2349 602/1005/2350
f 564/903/2351 563/984/2352 567/1006/2353 566/904/2354
f 491/848/2355 604/821/2356 603/820/2357 534/849/2358
f 512/822/2359 513/817/2360 484/816/2361 486/823/2362
f 516/875/2363 517/840/2364 537/839/2365 553/876/2366
f 472/776/2367 470/775/2368 474/986/2369 605/996/2370
f 607/998/2371 507/990/2372 606/909/2373 511/912/2374
f 608/845/2375 490/844/2376 515/847/2377 492/850/2378
f 485/819/2379 609/818/2380 514/843/2381 610/846/2382
f 538/842/2383 611/841/2384 499/874/2385 612/877/2386
f 556/1007/2387 482/804/2388 613/894/2389 558/1008/2390
f 561/807/2391 482/804/2392 556/1007/2393 487/1009/2394
f 614/1010/2395 558/1008/2396 613/894/2397 562/895/2398
f 475/785/2399 560/783/2400 559/787/2401 476/786/2402
f 504/898/2403 503/897/2404 508/906/2405 615/908/2406
f 616/788/2407 617/824/2408 618/828/2409 579/789/2410
f 498/864/2411 619/862/2412 620/896/2413 505/899/2414
f 579/789/2415 618/828/2416 498/864/2417 505/899/2418
f 572/829/2419 555/827/2420 489/831/2421 488/830/2422
f 573/858/2423 497/857/2424 621/863/2425 575/865/2426
f 623/833/2427 622/832/2428 557/856/2429 574/859/2430
f 689/1011/2431 691/1012/2432 639/1013/2433 624/1014/2434
f 624/1015/2435 639/1016/2436 641/1017/2437 625/1018/2438
s 24
f 626/1019/2439 697/1020/2440 950/1021/2441
f 949/1022/2442 952/1023/2443 697/1020/2440
f 697/1020/2440 952/1023/2443 950/1021/2441
s off
f 627/1024/2444 695/1025/2445 643/1026/2446 628/1027/2447
f 670/1028/2448 685/1029/2449 686/1030/2450 698/1031/2451
f 672/1032/2452 687/1033/2453 629/1034/2454 674/1035/2455
f 674/1036/2456 629/1037/2457 701/1038/2458 702/1039/2459
f 675/1040/2460 696/1041/2461 673/1042/2462 630/1043/2463
f 679/1044/2464 675/1045/2465 630/1046/2466 631/1047/2467
f 676/1048/2468 677/1049/2469 693/1050/2470 632/1051/2471
f 699/1052/2472 694/1053/2473 681/1054/2474 682/1055/2475
s 26
f 947/1056/2476 948/1057/2477 633/1058/2478 634/1059/2479
s off
f 636/1060/2480 635/1061/2481 692/1062/2482 637/1063/2483
f 700/1064/2484 636/1065/2485 637/1066/2486 690/1067/2487
f 639/1013/2488 691/1012/2489 638/1068/2490 640/1069/2491
f 641/1017/2492 639/1016/2493 640/1070/2494 699/1052/2495
f 640/1070/2496 638/1071/2497 694/1053/2498 699/1052/2499
f 695/1025/2500 694/1053/2501 638/1071/2502 642/1072/2503
f 642/1073/2504 638/1068/2505 691/1012/2506 635/1061/2507
f 643/1026/2508 695/1025/2509 642/1072/2510 644/1074/2511
f 644/1075/2512 642/1073/2513 635/1061/2514 636/1060/2515
f 643/1026/2516 644/1074/2517 636/1065/2518 700/1064/2519
f 645/1076/2520 697/1020/2521 648/1077/2522 649/1078/2523
f 647/1079/2524 645/1080/2525 649/1081/2526 650/1082/2527
f 648/1077/2528 697/1020/2529 652/1083/2530 653/1084/2531
f 632/1051/2532 652/1083/2533 697/1020/2534
f 649/1085/2535 648/1086/2536 653/1087/2537 654/1088/2538
f 650/1082/2539 649/1081/2540 654/1089/2541 655/1090/2542
f 651/1091/2543 650/1092/2544 655/1093/2545 656/1094/2546
f 658/1095/2547 652/1083/2548 632/1051/2549 698/1031/2550
f 653/1096/2551 652/1097/2552 658/1098/2553 659/1099/2554
f 654/1089/2555 653/1096/2556 659/1099/2557 660/1100/2558
f 655/1101/2559 654/1102/2560 660/1103/2561 661/1104/2562
f 657/1105/2563 656/1106/2564 662/1107/2565 663/1108/2566
f 661/1109/2567 662/1107/2568 656/1106/2569 655/1090/2570
f 664/1110/2571 659/1111/2572 658/1095/2573 698/1031/2574
f 660/1112/2575 659/1113/2576 664/1114/2577 665/1115/2578
f 661/1109/2579 660/1100/2580 665/1116/2581 666/1117/2582
f 662/1118/2583 661/1119/2584 666/1120/2585 667/1121/2586
f 668/1122/2587 665/1123/2588 664/1110/2589 698/1031/2590
f 666/1117/2591 665/1116/2592 668/1124/2593 669/1125/2594
s 27
f 669/1126/2595 668/1122/2596 698/1031/2597 633/1058/2598 948/1057/2599
s off
f 670/1028/2600 698/1031/2601 632/1051/2602 693/1050/2603
s 27
f 949/1022/2604 697/1020/2605 645/1076/2606 647/1127/2607
f 647/1127/2607 650/1128/2608 651/1129/2609 949/1022/2604
f 651/1129/2609 656/1130/2610 657/1131/2611 949/1022/2604
f 667/1132/2612 666/1133/2613 669/1126/2595 948/1057/2599
f 662/1134/2614 667/1132/2612 663/1135/2615
f 948/1057/2599 949/1022/2604 657/1131/2611 663/1135/2615
f 663/1135/2615 667/1132/2612 948/1057/2599
s off
f 630/1043/2616 673/1042/2617 672/1032/2618 674/1035/2619
f 631/1047/2620 630/1046/2621 674/1036/2622 702/1039/2623
f 676/1048/2624 696/1041/2625 675/1040/2626 680/1136/2627
f 677/1049/2628 676/1048/2629 678/1137/2630
f 680/1138/2631 675/1045/2632 679/1044/2633 682/1055/2634
f 678/1137/2635 676/1048/2636 680/1136/2637
f 678/1139/2638 680/1138/2639 681/1054/2640
f 681/1054/2641 680/1138/2642 682/1055/2643
f 678/1139/2644 681/1054/2645 627/1024/2646
f 677/1049/2647 678/1137/2648 683/1140/2649
f 627/1024/2650 628/1027/2651 683/1141/2652
f 678/1139/2653 627/1024/2654 683/1141/2655
f 683/1141/2656 628/1027/2657 684/1142/2658
f 677/1049/2659 683/1140/2660 685/1029/2661
f 683/1140/2662 684/1143/2663 685/1029/2664
f 685/1029/2665 684/1143/2666 686/1030/2667
f 687/1033/2668 686/1030/2669 684/1143/2670 629/1034/2671
f 629/1037/2672 684/1142/2673 628/1027/2674 701/1038/2675
s 29
f 634/1059/2676 626/1019/2677 950/1021/2678 951/1144/2679
s off
f 692/1062/2680 689/1011/2681 624/1014/2682 637/1063/2683
f 637/1066/2684 624/1015/2685 625/1018/2686 690/1067/2687
f 635/1061/2688 691/1012/2689 689/1011/2690 692/1062/2691
f 693/1050/2692 677/1049/2693 685/1029/2694 670/1028/2695
f 681/1054/2696 694/1053/2697 695/1025/2698 627/1024/2699
f 697/1020/2700 696/1041/2701 676/1048/2702 632/1051/2703
f 698/1031/2704 686/1030/2705 687/1033/2706 633/1058/2707
f 696/1041/2708 697/1020/2709 626/1019/2710 673/1042/2711
f 634/1059/2712 633/1058/2713 687/1033/2714 672/1032/2715
f 673/1042/2716 626/1019/2717 634/1059/2718 672/1032/2719
f 679/1044/2720 641/1017/2721 699/1052/2722 682/1055/2723
f 628/1027/2724 643/1026/2725 700/1064/2726 701/1038/2727
f 641/1017/2728 679/1044/2729 631/1047/2730 625/1018/2731
f 702/1039/2732 701/1038/2733 700/1064/2734 690/1067/2735
f 625/1018/2736 631/1047/2737 702/1039/2738 690/1067/2739
s 30
f 671/1145/2740 945/1146/2741 944/1147/2742 646/1148/2743
s off
f 783/1149/2744 741/1150/2745 704/1151/2746 778/1152/2747
f 778/1153/2748 704/1154/2749 742/1155/2750 779/1156/2751
f 779/1157/2752 742/1158/2753 705/1159/2754 780/1160/2755
f 780/1161/2756 705/1162/2757 706/1163/2758 707/1164/2759
f 707/1165/2760 706/1166/2761 747/1167/2762 708/1168/2763
f 786/1169/2764 750/1170/2765 709/1171/2766 710/1172/2767
f 710/1173/2768 709/1174/2769 711/1175/2770 774/1176/2771
f 774/1177/2772 711/1178/2773 712/1179/2774 775/1180/2775
f 775/1181/2776 712/1182/2777 753/1183/2778 776/1184/2779
f 776/1185/2780 753/1186/2781 755/1187/2782 793/1188/2783
f 791/1189/2784 789/1190/2785 713/1191/2786 714/1192/2787
f 714/1193/2788 713/1194/2789 760/1195/2790 715/1196/2791
f 715/1197/2792 760/1198/2793 761/1199/2794 771/1200/2795
f 771/1201/2796 761/1202/2797 795/1203/2798 716/1204/2799
f 718/1205/2800 769/1206/2801 717/1207/2802 767/1208/2803
f 785/1209/2804 768/1210/2805 766/1211/2806 765/1212/2807
f 790/1213/2808 792/1214/2809 719/1215/2810
f 719/1215/2811 792/1214/2812 770/1216/2813
f 719/1217/2814 770/1218/2815 720/1219/2816
f 720/1219/2817 770/1218/2818 721/1220/2819
f 721/1220/2820 770/1218/2821 772/1221/2822
f 720/1222/2823 721/1223/2824 763/1224/2825
f 721/1225/2826 772/1226/2827 722/1227/2828
f 763/1224/2829 721/1223/2830 722/1228/2831
f 722/1227/2832 772/1226/2833 723/1229/2834
f 763/1230/2835 722/1231/2836 764/1232/2837
f 722/1231/2838 723/1233/2839 764/1232/2840
f 764/1232/2841 723/1233/2842 773/1234/2843
f 757/1235/2844 756/1236/2845 787/1237/2846 724/1238/2847
f 724/1238/2848 787/1237/2849 725/1239/2850
f 758/1240/2851 757/1241/2852 724/1242/2853 726/1243/2854
f 726/1244/2855 724/1245/2856 725/1246/2857 727/1247/2858
f 728/1248/2859 758/1249/2860 726/1250/2861 729/1251/2862
f 729/1251/2863 726/1250/2864 727/1252/2865 730/1253/2866
f 731/1254/2867 728/1255/2868 729/1256/2869 732/1257/2870
f 732/1258/2871 729/1259/2872 730/1260/2873 777/1261/2874
f 731/1262/2875 732/1263/2876 788/1264/2877
f 788/1264/2878 732/1263/2879 777/1265/2880 794/1266/2881
f 733/1267/2882 744/1268/2883 784/1269/2884 734/1270/2885
f 734/1270/2886 784/1269/2887 735/1271/2888
f 745/1272/2889 733/1273/2890 734/1274/2891 736/1275/2892
f 736/1276/2893 734/1277/2894 735/1278/2895 737/1279/2896
f 745/1280/2897 736/1281/2898 738/1282/2899
f 738/1282/2900 736/1281/2901 737/1283/2902 739/1284/2903
f 746/1285/2904 738/1286/2905 739/1287/2906 781/1288/2907
f 748/1289/2908 746/1290/2909 781/1291/2910 782/1292/2911
f 740/1293/2912 704/1151/2913 741/1150/2914
f 742/1155/2915 704/1154/2916 740/1294/2917 743/1295/2918
f 743/1296/2919 705/1159/2920 742/1158/2921
f 744/1268/2922 740/1293/2923 741/1150/2924
f 743/1297/2925 740/1298/2926 733/1273/2927 745/1272/2928
f 733/1267/2929 740/1293/2930 744/1268/2931
f 743/1296/2932 738/1282/2933 705/1159/2934
f 706/1163/2935 705/1162/2936 738/1286/2937 746/1285/2938
f 745/1280/2939 738/1282/2940 743/1296/2941
f 747/1167/2942 706/1166/2943 746/1290/2944 748/1289/2945
f 749/1299/2946 709/1171/2947 750/1170/2948
f 711/1175/2949 709/1174/2950 749/1300/2951 751/1301/2952
f 712/1179/2953 711/1178/2954 751/1302/2955 752/1303/2956
f 753/1183/2957 712/1182/2958 752/1304/2959 754/1305/2960
f 754/1306/2961 755/1187/2962 753/1186/2963
f 756/1236/2964 749/1299/2965 750/1170/2966
f 751/1307/2967 749/1308/2968 757/1241/2969 758/1240/2970
f 757/1235/2971 749/1299/2972 756/1236/2973
f 752/1303/2974 751/1302/2975 758/1249/2976 728/1248/2977
f 754/1309/2978 752/1310/2979 728/1255/2980 731/1254/2981
f 754/1306/2982 788/1264/2983 755/1187/2984
f 731/1262/2985 788/1264/2986 754/1306/2987
f 759/1311/2988 760/1195/2989 713/1194/2990
f 761/1199/2991 760/1198/2992 759/1312/2993 762/1313/2994
f 762/1314/2995 795/1203/2996 761/1202/2997
f 713/1191/2998 789/1190/2999 790/1213/3000 719/1215/3001
f 719/1217/3002 759/1311/3003 713/1194/3004
f 762/1315/3005 759/1316/3006 720/1222/3007 763/1224/3008
f 720/1219/3009 759/1311/3010 719/1217/3011
f 762/1314/3012 764/1232/3013 795/1203/3014
f 763/1230/3015 764/1232/3016 762/1314/3017
f 765/1212/3018 766/1211/3019 718/1205/3020 767/1208/3021
f 769/1206/3022 768/1210/3023 785/1209/3024 717/1207/3025
f 792/1214/3026 791/1189/3027 714/1192/3028 770/1216/3029
f 770/1218/3030 714/1193/3031 715/1196/3032 772/1221/3033
f 772/1226/3034 715/1197/3035 771/1200/3036 723/1229/3037
f 723/1233/3038 771/1201/3039 716/1204/3040 773/1234/3041
f 787/1237/3042 786/1169/3043 710/1172/3044 725/1239/3045
f 725/1246/3046 710/1173/3047 774/1176/3048 727/1247/3049
f 727/1252/3050 774/1177/3051 775/1180/3052 730/1253/3053
f 730/1260/3054 775/1181/3055 776/1184/3056 777/1261/3057
f 777/1265/3058 776/1185/3059 793/1188/3060 794/1266/3061
f 784/1269/3062 783/1149/3063 778/1152/3064 735/1271/3065
f 735/1278/3066 778/1153/3067 779/1156/3068 737/1279/3069
f 737/1283/3070 779/1157/3071 780/1160/3072 739/1284/3073
f 739/1287/3074 780/1161/3075 707/1164/3076 781/1288/3077
f 781/1291/3078 707/1165/3079 708/1168/3080 782/1292/3081
f 744/1268/3082 741/1150/3083 768/1210/3084 769/1206/3085
f 766/1211/3086 768/1210/3087 741/1150/3088 783/1149/3089
f 744/1268/3090 769/1206/3091 718/1205/3092 784/1269/3093
f 718/1205/3094 766/1211/3095 783/1149/3096 784/1269/3097
f 717/1317/3098 785/1318/3099 765/1319/3100 767/1320/3101
f 750/1170/3102 747/1167/3103 748/1289/3104 756/1236/3105
f 747/1167/3106 750/1170/3107 786/1169/3108 708/1168/3109
f 787/1237/3110 756/1236/3111 748/1289/3112 782/1292/3113
f 708/1168/3114 786/1169/3115 787/1237/3116 782/1292/3117
f 789/1321/3118 755/1187/3119 788/1264/3120 790/1322/3121
f 755/1187/3122 789/1321/3123 791/1323/3124 793/1188/3125
f 790/1322/3126 788/1264/3127 792/1324/3128
f 793/1188/3129 791/1323/3130 792/1324/3131 794/1266/3132
f 792/1324/3133 788/1264/3134 794/1266/3135
f 716/1204/3136 795/1203/3137 764/1232/3138 773/1234/3139
f 797/1325/3140 798/1326/3141 796/1327/3142 799/1328/3143
f 890/1329/3144 801/1330/3145 800/1331/3146 802/1332/3147
f 803/1333/3148 796/1327/3149 798/1326/3150
f 799/1334/3151 796/1335/3152 803/1336/3153 804/1337/3154
f 797/1325/3155 799/1328/3156 804/1338/3157 807/1339/3158
f 802/1340/3159 800/1341/3160 805/1342/3161 806/1343/3162
f 805/1344/3163 800/1331/3164 801/1330/3165 808/1345/3166
f 806/1346/3167 890/1329/3168 802/1332/3169
f 801/1347/3170 797/1348/3171 807/1349/3172 808/1350/3173
f 807/1339/3174 804/1338/3175 812/1351/3176 809/1352/3177
f 806/1346/3178 805/1344/3179 813/1353/3180 814/1354/3181
f 808/1355/3182 807/1356/3183 809/1357/3184 810/1358/3185
f 805/1344/3186 808/1345/3187 810/1359/3188 813/1353/3189
f 811/1360/3190 803/1333/3191 798/1326/3192 892/1361/3193
f 803/1333/3194 811/1360/3195 812/1351/3196 804/1338/3197
f 890/1329/3198 806/1346/3199 814/1354/3200 864/1362/3201
f 892/1361/3202 815/1363/3203 811/1360/3204
f 812/1364/3205 811/1365/3206 815/1366/3207 816/1367/3208
f 809/1352/3209 812/1351/3210 816/1368/3211 903/1369/3212
f 817/1370/3213 813/1353/3214 810/1359/3215 819/1371/3216
f 814/1372/3217 813/1373/3218 817/1374/3219 818/1375/3220
f 816/1368/3221 815/1363/3222 892/1361/3223 903/1369/3224
f 810/1376/3225 809/1377/3226 903/1378/3227 819/1379/3228
f 818/1380/3229 817/1370/3230 819/1371/3231 864/1362/3232
f 818/1380/3233 864/1362/3234 814/1354/3235
f 820/1381/3236 863/1382/3237 889/1383/3238 821/1384/3239
f 823/1385/3240 822/1386/3241 886/1387/3242 824/1388/3243
f 863/1382/3244 820/1381/3245 825/1389/3246
f 825/1390/3247 820/1391/3248 821/1392/3249 826/1393/3250
f 826/1394/3251 821/1384/3252 889/1383/3253 829/1395/3254
f 827/1396/3255 823/1397/3256 824/1398/3257 828/1399/3258
f 822/1386/3259 823/1385/3260 827/1400/3261 830/1401/3262
f 824/1388/3263 886/1387/3264 828/1402/3265
f 829/1403/3266 889/1404/3267 822/1405/3268 830/1406/3269
f 825/1389/3270 826/1394/3271 834/1407/3272 833/1408/3273
f 830/1401/3274 827/1400/3275 835/1409/3276 832/1410/3277
f 831/1411/3278 829/1412/3279 830/1413/3280 832/1414/3281
f 863/1382/3282 825/1389/3283 833/1408/3284 841/1415/3285
f 829/1395/3286 831/1416/3287 834/1407/3288 826/1394/3289
f 835/1409/3290 827/1400/3291 828/1402/3292 836/1417/3293
f 836/1417/3294 828/1402/3295 886/1387/3296 887/1418/3297
f 837/1419/3298 833/1420/3299 834/1421/3300 838/1422/3301
f 838/1423/3302 834/1407/3303 831/1416/3304 910/1424/3305
f 832/1410/3306 835/1409/3307 839/1425/3308 917/1426/3309
f 839/1427/3310 835/1428/3311 836/1429/3312 840/1430/3313
f 840/1431/3314 836/1417/3315 887/1418/3316
f 841/1415/3317 833/1408/3318 837/1432/3319
f 841/1415/3320 837/1432/3321 838/1423/3322 910/1424/3323
f 910/1433/3324 831/1434/3325 832/1435/3326 917/1436/3327
f 917/1426/3328 839/1425/3329 840/1431/3330 887/1418/3331
f 892/1361/3332 798/1326/3333 843/1437/3334 844/1438/3335
f 842/1439/3336 843/1437/3337 798/1326/3338
f 845/1440/3339 892/1361/3340 844/1438/3341
f 846/1441/3342 842/1439/3343 798/1326/3344 850/1442/3345
f 843/1443/3346 842/1444/3347 846/1445/3348 847/1446/3349
f 844/1438/3350 843/1437/3351 847/1447/3352 848/1448/3353
f 845/1449/3354 844/1450/3355 848/1451/3356 849/1452/3357
f 892/1361/3358 845/1440/3359 849/1453/3360 893/1454/3361
f 848/1448/3362 847/1447/3363 851/1455/3364 852/1456/3365
f 849/1453/3366 848/1448/3367 852/1456/3368 893/1454/3369
f 850/1442/3370 851/1455/3371 847/1447/3372 846/1441/3373
f 851/1457/3374 850/1458/3375 888/1459/3376 853/1460/3377
f 852/1461/3378 851/1462/3379 853/1463/3380 854/1464/3381
f 893/1465/3382 852/1466/3383 854/1467/3384 896/1468/3385
f 853/1469/3386 888/1470/3387 855/1471/3388 856/1472/3389
f 854/1473/3390 853/1469/3391 856/1472/3392 857/1474/3393
f 896/1475/3394 854/1473/3395 857/1474/3396 858/1476/3397
f 859/1477/3398 855/1471/3399 888/1470/3400 863/1382/3401
f 856/1478/3402 855/1479/3403 859/1480/3404 860/1481/3405
f 857/1474/3406 856/1472/3407 860/1482/3408 861/1483/3409
f 858/1484/3410 857/1485/3411 861/1486/3412 862/1487/3413
f 896/1475/3414 858/1476/3415 862/1488/3416 841/1415/3417
f 861/1483/3418 860/1482/3419 863/1382/3420 841/1415/3421
f 863/1382/3422 860/1482/3423 859/1477/3424
f 861/1483/3425 841/1415/3426 862/1488/3427
f 865/1489/3428 890/1329/3429 866/1490/3430
f 866/1490/3431 890/1329/3432 864/1362/3433 867/1491/3434
f 867/1491/3435 864/1362/3436 868/1492/3437
f 890/1329/3438 865/1489/3439 869/1493/3440 891/1494/3441
f 869/1495/3442 865/1496/3443 866/1497/3444 870/1498/3445
f 870/1499/3446 866/1490/3447 867/1491/3448 871/1500/3449
f 871/1501/3450 867/1502/3451 868/1503/3452 872/1504/3453
f 872/1505/3454 868/1492/3455 864/1362/3456 926/1506/3457
f 870/1499/3458 873/1507/3459 891/1494/3460 869/1493/3461
f 871/1500/3462 874/1508/3463 873/1507/3464 870/1499/3465
f 874/1508/3466 871/1500/3467 872/1505/3468 926/1506/3469
f 875/1509/3470 891/1510/3471 873/1511/3472 876/1512/3473
f 876/1513/3474 873/1514/3475 874/1515/3476 877/1516/3477
f 877/1517/3478 874/1518/3479 926/1519/3480 927/1520/3481
f 878/1521/3482 875/1522/3483 876/1523/3484 879/1524/3485
f 877/1525/3486 880/1526/3487 879/1524/3488 876/1523/3489
f 880/1526/3490 877/1525/3491 927/1527/3492 881/1528/3493
f 875/1522/3494 878/1521/3495 882/1529/3496 886/1387/3497
f 882/1530/3498 878/1531/3499 879/1532/3500 883/1533/3501
f 883/1534/3502 879/1524/3503 880/1526/3504 884/1535/3505
f 884/1536/3506 880/1537/3507 881/1538/3508 885/1539/3509
f 885/1540/3510 881/1528/3511 927/1527/3512 887/1418/3513
f 886/1387/3514 883/1534/3515 884/1535/3516 887/1418/3517
f 882/1529/3518 883/1534/3519 886/1387/3520
f 887/1418/3521 884/1535/3522 885/1540/3523
f 894/1541/3524 892/1361/3525 893/1454/3526 895/1542/3527
f 897/1543/3528 896/1475/3529 841/1415/3530 898/1544/3531
f 892/1361/3532 894/1541/3533 899/1545/3534 903/1369/3535
f 899/1546/3536 894/1547/3537 895/1548/3538 900/1549/3539
f 900/1550/3540 895/1542/3541 893/1454/3542 904/1551/3543
f 901/1552/3544 897/1553/3545 898/1554/3546 902/1555/3547
f 896/1475/3548 897/1543/3549 901/1556/3550 909/1557/3551
f 902/1558/3552 898/1544/3553 841/1415/3554 910/1424/3555
f 903/1369/3556 899/1545/3557 900/1550/3558 904/1551/3559
f 904/1559/3560 893/1465/3561 905/1560/3562
f 906/1561/3563 905/1560/3564 893/1465/3565
f 906/1561/3566 893/1465/3567 896/1468/3568 907/1562/3569
f 907/1562/3570 896/1468/3571 908/1563/3572
f 908/1563/3573 896/1468/3574 909/1564/3575
f 909/1557/3576 901/1556/3577 902/1558/3578 910/1424/3579
f 819/1379/3580 903/1378/3581 904/1559/3582 911/1565/3583
f 911/1566/3584 904/1567/3585 905/1568/3586 912/1569/3587
f 912/1570/3588 905/1571/3589 906/1572/3590 913/1573/3591
f 913/1574/3592 906/1575/3593 907/1576/3594 914/1577/3595
f 914/1578/3596 907/1579/3597 908/1580/3598 915/1581/3599
f 915/1582/3600 908/1583/3601 909/1584/3602 916/1585/3603
f 916/1586/3604 909/1564/3605 910/1433/3606 917/1436/3607
f 918/1587/3608 819/1371/3609 911/1588/3610 919/1589/3611
f 920/1590/3612 916/1591/3613 917/1426/3614 921/1592/3615
f 819/1371/3616 918/1587/3617 922/1593/3618 864/1362/3619
f 922/1594/3620 918/1595/3621 919/1596/3622 923/1597/3623
f 923/1598/3624 919/1589/3625 911/1588/3626 926/1506/3627
f 924/1599/3628 920/1600/3629 921/1601/3630 925/1602/3631
f 916/1591/3632 920/1590/3633 924/1603/3634 927/1527/3635
f 925/1604/3636 921/1592/3637 917/1426/3638 887/1418/3639
f 864/1362/3640 922/1593/3641 923/1598/3642 926/1506/3643
f 913/1605/3644 914/1606/3645 926/1519/3646
f 912/1607/3647 913/1605/3648 926/1519/3649
f 911/1565/3650 912/1607/3651 926/1519/3652
f 914/1606/3653 915/1608/3654 926/1519/3655
f 915/1608/3656 916/1586/3657 926/1519/3658
f 927/1527/3659 924/1603/3660 925/1604/3661 887/1418/3662
f 926/1519/3663 916/1586/3664 927/1520/3665
s 16
f 929/1609/1220 931/1610/1219 932/1611/3666 335/1612/3667
f 931/563/1219 930/562/1218 338/544/3668 928/546/3669
f 932/1613/3666 931/1614/1219 928/1615/3669 334/1616/3670
s 17
f 933/1617/1231 941/1618/1230 942/1619/3671 340/1620/3672
s 15
f 935/1621/3673 936/1622/1214 933/1623/1213 340/1624/3674
f 934/564/3675 936/561/1214 935/547/3673 337/545/3676
f 937/556/1215 936/561/1214 934/564/3675 336/557/3677
s 14
f 341/559/3678 938/555/1208 939/554/1207 940/565/3679
f 940/1625/3679 939/1626/1207 929/1627/1206 335/1628/3680
s 17
f 335/1629/3681 932/1630/3682 941/1631/1230 940/1632/1229
f 942/1633/3671 941/1634/1230 932/1635/3682 334/1636/3683
s 13
f 928/1637/1201 943/1638/1203 942/1639/1204 334/1640/3684
s 30
f 688/1641/3685 944/1642/2742 945/1643/2741 946/1644/3686
f 945/1645/2741 671/1646/2740 703/1647/3687 946/1648/3686
s 29
f 634/1059/2676 951/1144/2679 947/1056/3688
s 26
f 671/1649/3689 948/1650/2477 947/1651/2476 703/1652/3690
s 27
f 646/1653/3691 949/1654/2604 948/1655/2599 671/1656/3692
s 24
f 944/1657/3693 952/1658/2443 949/1659/2442 646/1660/3694
s 29
f 946/1644/3695 951/1144/2679 950/1021/2678 688/1641/3696
f 703/1661/3697 947/1662/3688 951/1663/2679 946/1664/3695
s 24
f 688/1641/3698 950/1021/2441 952/1023/2443 944/1642/3693
s off
f 953/1665/3699 954/1666/3700 956/1667/3701 955/1668/3702
f 954/1666/3703 958/1669/3704 957/1670/3705 956/1667/3706
